player_name,pitcher,game_date,game_pk,release_speed,pitch_type,game_type
"Bibee, Tanner",676440,2026-09-26,824057,94.7,FF,R
"Bibee, Tanner",676440,2026-09-26,824057,94.4,FF,R
"Bibee, Tanner",676440,2026-09-26,824057,93.6,FF,R
"Bibee, Tanner",676440,2026-09-26,824057,93.5,FF,R
"Bibee, Tanner",676440,2026-09-26,824057,94.4,FF,R
"Bibee, Tanner",676440,2026-09-26,824057,93.9,FF,R
"Bibee, Tanner",676440,2026-09-26,824057,94.9,FF,R
"Bibee, Tanner",676440,2026-09-26,824057,94.4,FF,R
"Bibee, Tanner",676440,2026-09-26,824057,94.4,FF,R
"Bibee, Tanner",676440,2026-09-26,824057,94.2,FF,R
"Bibee, Tanner",676440,2026-09-26,824057,95.0,FF,R
"Bibee, Tanner",676440,2026-09-26,824057,94.6,FF,R
"Bibee, Tanner",676440,2026-09-26,824057,94.3,FF,R
"Bibee, Tanner",676440,2026-09-26,824057,94.9,FF,R
"Bibee, Tanner",676440,2026-09-26,824057,95.0,FF,R
"Bibee, Tanner",676440,2026-09-26,824057,95.2,FF,R
"Abbott, Andrew",671096,2026-09-23,824868,91.8,FF,R
"Abbott, Andrew",671096,2026-09-23,824868,91.2,FF,R
"Abbott, Andrew",671096,2026-09-23,824868,92.3,FF,R
"Abbott, Andrew",671096,2026-09-23,824868,91.4,FF,R
"Abbott, Andrew",671096,2026-09-23,824868,91.2,FF,R
"Abbott, Andrew",671096,2026-09-23,824868,91.0,FF,R
"Abbott, Andrew",671096,2026-09-23,824868,91.4,FF,R
"Abbott, Andrew",671096,2026-09-23,824868,91.6,FF,R
"Yamamoto, Yoshinobu",808967,2026-09-23,823894,95.7,FF,R
"Abbott, Andrew",671096,2026-09-23,824868,91.9,FF,R
"Abbott, Andrew",671096,2026-09-23,824868,91.1,FF,R
"Abbott, Andrew",671096,2026-09-23,824868,92.3,FF,R
"Abbott, Andrew",671096,2026-09-23,824868,92.2,FF,R
"Yamamoto, Yoshinobu",808967,2026-09-23,823894,95.4,FF,R
"Abbott, Andrew",671096,2026-09-23,824868,90.8,FF,R
"Abbott, Andrew",671096,2026-09-23,824868,91.7,FF,R
"Abbott, Andrew",671096,2026-09-23,824868,92.6,FF,R
"Yamamoto, Yoshinobu",808967,2026-09-23,823894,95.4,FF,R
"Abbott, Andrew",671096,2026-09-23,824868,91.9,FF,R
"Abbott, Andrew",671096,2026-09-23,824868,92.0,FF,R
"Abbott, Andrew",671096,2026-09-23,824868,91.4,FF,R
"Abbott, Andrew",671096,2026-09-23,824868,91.8,FF,R
"Abbott, Andrew",671096,2026-09-23,824868,91.8,FF,R
"Abbott, Andrew",671096,2026-09-23,824868,92.1,FF,R
"Yamamoto, Yoshinobu",808967,2026-09-23,823894,95.4,FF,R
"Abbott, Andrew",671096,2026-09-23,824868,92.0,FF,R
"Yamamoto, Yoshinobu",808967,2026-09-23,823894,95.5,FF,R
"Abbott, Andrew",671096,2026-09-23,824868,92.0,FF,R
"Yamamoto, Yoshinobu",808967,2026-09-23,823894,95.5,FF,R
"Abbott, Andrew",671096,2026-09-23,824868,91.3,FF,R
"Abbott, Andrew",671096,2026-09-23,824868,91.0,FF,R
"Abbott, Andrew",671096,2026-09-23,824868,91.6,FF,R
"Yamamoto, Yoshinobu",808967,2026-09-23,823894,96.0,FF,R
"Abbott, Andrew",671096,2026-09-23,824868,92.0,FF,R
"Yamamoto, Yoshinobu",808967,2026-09-23,823894,96.4,FF,R
"Abbott, Andrew",671096,2026-09-23,824868,92.1,FF,R
"Abbott, Andrew",671096,2026-09-23,824868,92.2,FF,R
"Abbott, Andrew",671096,2026-09-23,824868,91.5,FF,R
"Abbott, Andrew",671096,2026-09-23,824868,90.7,FF,R
"Abbott, Andrew",671096,2026-09-23,824868,91.7,FF,R
"Abbott, Andrew",671096,2026-09-23,824868,91.9,FF,R
"Abbott, Andrew",671096,2026-09-23,824868,92.0,FF,R
"Abbott, Andrew",671096,2026-09-23,824868,92.2,FF,R
"Yamamoto, Yoshinobu",808967,2026-09-23,823894,95.3,FF,R
"Abbott, Andrew",671096,2026-09-23,824868,92.3,FF,R
"Abbott, Andrew",671096,2026-09-23,824868,92.5,FF,R
"Abbott, Andrew",671096,2026-09-23,824868,92.8,FF,R
"Abbott, Andrew",671096,2026-09-23,824868,92.8,FF,R
"Abbott, Andrew",671096,2026-09-23,824868,93.3,FF,R
"Yamamoto, Yoshinobu",808967,2026-09-23,823894,95.8,FF,R
"Abbott, Andrew",671096,2026-09-23,824868,92.6,FF,R
"Abbott, Andrew",671096,2026-09-23,824868,92.6,FF,R
"Abbott, Andrew",671096,2026-09-23,824868,92.3,FF,R
"Abbott, Andrew",671096,2026-09-23,824868,92.4,FF,R
"Yamamoto, Yoshinobu",808967,2026-09-23,823894,96.2,FF,R
"Abbott, Andrew",671096,2026-09-23,824868,91.6,FF,R
"Bibee, Tanner",676440,2026-09-19,824380,93.7,FF,R
"Bibee, Tanner",676440,2026-09-19,824380,93.6,FF,R
"Bibee, Tanner",676440,2026-09-19,824380,93.1,FF,R
"Bibee, Tanner",676440,2026-09-19,824380,93.5,FF,R
"Bibee, Tanner",676440,2026-09-19,824380,93.7,FF,R
"Bibee, Tanner",676440,2026-09-19,824380,92.5,FF,R
"Bibee, Tanner",676440,2026-09-19,824380,92.4,FF,R
"Bibee, Tanner",676440,2026-09-19,824380,93.0,FF,R
"Bibee, Tanner",676440,2026-09-19,824380,92.5,FF,R
"Bibee, Tanner",676440,2026-09-19,824380,93.4,FF,R
"Bibee, Tanner",676440,2026-09-19,824380,91.5,FF,R
"Bibee, Tanner",676440,2026-09-19,824380,94.2,FF,R
"Bibee, Tanner",676440,2026-09-19,824380,94.2,FF,R
"Bibee, Tanner",676440,2026-09-19,824380,93.0,FF,R
"Bibee, Tanner",676440,2026-09-19,824380,93.4,FF,R
"Bibee, Tanner",676440,2026-09-19,824380,95.0,FF,R
"Bibee, Tanner",676440,2026-09-19,824380,94.7,FF,R
"Bibee, Tanner",676440,2026-09-19,824380,94.9,FF,R
"Bibee, Tanner",676440,2026-09-19,824380,94.1,FF,R
"Bibee, Tanner",676440,2026-09-19,824380,93.9,FF,R
"Bibee, Tanner",676440,2026-09-19,824380,94.5,FF,R
"Bibee, Tanner",676440,2026-09-19,824380,94.3,FF,R
"Bibee, Tanner",676440,2026-09-19,824380,94.0,FF,R
"Bibee, Tanner",676440,2026-09-19,824380,94.0,FF,R
"Abbott, Andrew",671096,2026-09-16,824467,91.4,FF,R
"Abbott, Andrew",671096,2026-09-16,824467,91.8,FF,R
"Abbott, Andrew",671096,2026-09-16,824467,90.6,FF,R
"Abbott, Andrew",671096,2026-09-16,824467,90.9,FF,R
"Abbott, Andrew",671096,2026-09-16,824467,90.1,FF,R
"Abbott, Andrew",671096,2026-09-16,824467,89.8,FF,R
"Abbott, Andrew",671096,2026-09-16,824467,92.1,FF,R
"Abbott, Andrew",671096,2026-09-16,824467,91.7,FF,R
"Abbott, Andrew",671096,2026-09-16,824467,92.2,FF,R
"Abbott, Andrew",671096,2026-09-16,824467,91.8,FF,R
"Abbott, Andrew",671096,2026-09-16,824467,92.6,FF,R
"Abbott, Andrew",671096,2026-09-16,824467,92.2,FF,R
"Abbott, Andrew",671096,2026-09-16,824467,91.7,FF,R
"Abbott, Andrew",671096,2026-09-16,824467,92.3,FF,R
"Abbott, Andrew",671096,2026-09-16,824467,91.5,FF,R
"Abbott, Andrew",671096,2026-09-16,824467,92.4,FF,R
"Abbott, Andrew",671096,2026-09-16,824467,91.8,FF,R
"Abbott, Andrew",671096,2026-09-16,824467,92.4,FF,R
"Abbott, Andrew",671096,2026-09-16,824467,92.9,FF,R
"Abbott, Andrew",671096,2026-09-16,824467,91.1,FF,R
"Abbott, Andrew",671096,2026-09-16,824467,91.3,FF,R
"Abbott, Andrew",671096,2026-09-16,824467,92.0,FF,R
"Abbott, Andrew",671096,2026-09-16,824467,91.5,FF,R
"Abbott, Andrew",671096,2026-09-16,824467,91.4,FF,R
"Abbott, Andrew",671096,2026-09-16,824467,93.3,FF,R
"Abbott, Andrew",671096,2026-09-16,824467,92.2,FF,R
"Abbott, Andrew",671096,2026-09-16,824467,92.9,FF,R
"Abbott, Andrew",671096,2026-09-16,824467,93.1,FF,R
"Abbott, Andrew",671096,2026-09-16,824467,93.0,FF,R
"Abbott, Andrew",671096,2026-09-16,824467,92.9,FF,R
"Abbott, Andrew",671096,2026-09-16,824467,92.5,FF,R
"Abbott, Andrew",671096,2026-09-16,824467,92.6,FF,R
"Abbott, Andrew",671096,2026-09-16,824467,92.1,FF,R
"Abbott, Andrew",671096,2026-09-16,824467,92.4,FF,R
"Abbott, Andrew",671096,2026-09-16,824467,92.4,FF,R
"Abbott, Andrew",671096,2026-09-16,824467,92.1,FF,R
"Yamamoto, Yoshinobu",808967,2026-09-15,824466,95.9,FF,R
"Yamamoto, Yoshinobu",808967,2026-09-15,824466,94.9,FF,R
"Yamamoto, Yoshinobu",808967,2026-09-15,824466,95.5,FF,R
"Yamamoto, Yoshinobu",808967,2026-09-15,824466,96.0,FF,R
"Yamamoto, Yoshinobu",808967,2026-09-15,824466,95.3,FF,R
"Yamamoto, Yoshinobu",808967,2026-09-15,824466,97.4,FF,R
"Yamamoto, Yoshinobu",808967,2026-09-15,824466,98.0,FF,R
"Yamamoto, Yoshinobu",808967,2026-09-15,824466,97.0,FF,R
"Yamamoto, Yoshinobu",808967,2026-09-15,824466,96.4,FF,R
"Yamamoto, Yoshinobu",808967,2026-09-15,824466,96.8,FF,R
"Yamamoto, Yoshinobu",808967,2026-09-15,824466,96.3,FF,R
"Yamamoto, Yoshinobu",808967,2026-09-15,824466,96.8,FF,R
"Yamamoto, Yoshinobu",808967,2026-09-15,824466,96.6,FF,R
"Yamamoto, Yoshinobu",808967,2026-09-15,824466,96.2,FF,R
"Yamamoto, Yoshinobu",808967,2026-09-15,824466,97.0,FF,R
"Yamamoto, Yoshinobu",808967,2026-09-15,824466,96.5,FF,R
"Yamamoto, Yoshinobu",808967,2026-09-15,824466,97.1,FF,R
"Bibee, Tanner",676440,2026-09-13,823658,93.2,FF,R
"Bibee, Tanner",676440,2026-09-13,823658,94.0,FF,R
"Bibee, Tanner",676440,2026-09-13,823658,92.5,FF,R
"Bibee, Tanner",676440,2026-09-13,823658,95.4,FF,R
"Bibee, Tanner",676440,2026-09-13,823658,95.3,FF,R
"Bibee, Tanner",676440,2026-09-13,823658,94.0,FF,R
"Bibee, Tanner",676440,2026-09-13,823658,94.8,FF,R
"Bibee, Tanner",676440,2026-09-13,823658,95.7,FF,R
"Bibee, Tanner",676440,2026-09-13,823658,95.2,FF,R
"Bibee, Tanner",676440,2026-09-13,823658,94.5,FF,R
"Bibee, Tanner",676440,2026-09-13,823658,93.7,FF,R
"Bibee, Tanner",676440,2026-09-13,823658,94.5,FF,R
"Bibee, Tanner",676440,2026-09-13,823658,94.2,FF,R
"Bibee, Tanner",676440,2026-09-13,823658,93.7,FF,R
"Bibee, Tanner",676440,2026-09-13,823658,94.6,FF,R
"Bibee, Tanner",676440,2026-09-13,823658,94.3,FF,R
"Bibee, Tanner",676440,2026-09-13,823658,92.4,FF,R
"Bibee, Tanner",676440,2026-09-13,823658,93.8,FF,R
"Bibee, Tanner",676440,2026-09-13,823658,93.0,FF,R
"Bibee, Tanner",676440,2026-09-13,823658,92.5,FF,R
"Bibee, Tanner",676440,2026-09-13,823658,95.1,FF,R
"Bibee, Tanner",676440,2026-09-13,823658,94.3,FF,R
"Bibee, Tanner",676440,2026-09-13,823658,94.1,FF,R
"Bibee, Tanner",676440,2026-09-13,823658,93.7,FF,R
"Bibee, Tanner",676440,2026-09-13,823658,93.2,FF,R
"Bibee, Tanner",676440,2026-09-13,823658,93.3,FF,R
"Bibee, Tanner",676440,2026-09-13,823658,94.3,FF,R
"Bibee, Tanner",676440,2026-09-13,823658,92.1,FF,R
"Abbott, Andrew",671096,2026-09-11,823736,91.0,FF,R
"Abbott, Andrew",671096,2026-09-11,823736,92.4,FF,R
"Abbott, Andrew",671096,2026-09-11,823736,92.5,FF,R
"Abbott, Andrew",671096,2026-09-11,823736,91.7,FF,R
"Abbott, Andrew",671096,2026-09-11,823736,91.4,FF,R
"Abbott, Andrew",671096,2026-09-11,823736,92.6,FF,R
"Abbott, Andrew",671096,2026-09-11,823736,91.9,FF,R
"Abbott, Andrew",671096,2026-09-11,823736,91.4,FF,R
"Abbott, Andrew",671096,2026-09-11,823736,91.5,FF,R
"Abbott, Andrew",671096,2026-09-11,823736,91.9,FF,R
"Abbott, Andrew",671096,2026-09-11,823736,92.1,FF,R
"Abbott, Andrew",671096,2026-09-11,823736,92.1,FF,R
"Abbott, Andrew",671096,2026-09-11,823736,91.3,FF,R
"Abbott, Andrew",671096,2026-09-11,823736,91.0,FF,R
"Abbott, Andrew",671096,2026-09-11,823736,91.8,FF,R
"Abbott, Andrew",671096,2026-09-11,823736,92.7,FF,R
"Abbott, Andrew",671096,2026-09-11,823736,92.5,FF,R
"Abbott, Andrew",671096,2026-09-11,823736,92.6,FF,R
"Abbott, Andrew",671096,2026-09-11,823736,91.8,FF,R
"Abbott, Andrew",671096,2026-09-11,823736,92.2,FF,R
"Abbott, Andrew",671096,2026-09-11,823736,92.5,FF,R
"Abbott, Andrew",671096,2026-09-11,823736,92.0,FF,R
"Abbott, Andrew",671096,2026-09-11,823736,90.8,FF,R
"Abbott, Andrew",671096,2026-09-11,823736,91.6,FF,R
"Yamamoto, Yoshinobu",808967,2026-09-09,823900,96.0,FF,R
"Yamamoto, Yoshinobu",808967,2026-09-09,823900,96.6,FF,R
"Yamamoto, Yoshinobu",808967,2026-09-09,823900,96.0,FF,R
"Yamamoto, Yoshinobu",808967,2026-09-09,823900,96.5,FF,R
"Yamamoto, Yoshinobu",808967,2026-09-09,823900,95.8,FF,R
"Yamamoto, Yoshinobu",808967,2026-09-09,823900,97.3,FF,R
"Yamamoto, Yoshinobu",808967,2026-09-09,823900,97.2,FF,R
"Yamamoto, Yoshinobu",808967,2026-09-09,823900,97.9,FF,R
"Yamamoto, Yoshinobu",808967,2026-09-09,823900,96.5,FF,R
"Yamamoto, Yoshinobu",808967,2026-09-09,823900,96.5,FF,R
"Yamamoto, Yoshinobu",808967,2026-09-09,823900,96.9,FF,R
"Yamamoto, Yoshinobu",808967,2026-09-09,823900,96.8,FF,R
"Yamamoto, Yoshinobu",808967,2026-09-09,823900,97.2,FF,R
"Yamamoto, Yoshinobu",808967,2026-09-09,823900,97.4,FF,R
"Yamamoto, Yoshinobu",808967,2026-09-09,823900,97.3,FF,R
"Yamamoto, Yoshinobu",808967,2026-09-09,823900,97.3,FF,R
"Yamamoto, Yoshinobu",808967,2026-09-09,823900,96.5,FF,R
"Yamamoto, Yoshinobu",808967,2026-09-09,823900,97.0,FF,R
"Yamamoto, Yoshinobu",808967,2026-09-09,823900,96.6,FF,R
"Yamamoto, Yoshinobu",808967,2026-09-09,823900,97.0,FF,R
"Yamamoto, Yoshinobu",808967,2026-09-09,823900,95.5,FF,R
"Yamamoto, Yoshinobu",808967,2026-09-09,823900,97.4,FF,R
"Yamamoto, Yoshinobu",808967,2026-09-09,823900,96.5,FF,R
"Yamamoto, Yoshinobu",808967,2026-09-09,823900,97.3,FF,R
"Yamamoto, Yoshinobu",808967,2026-09-09,823900,97.8,FF,R
"Bibee, Tanner",676440,2026-09-08,824792,93.1,FF,R
"Bibee, Tanner",676440,2026-09-08,824792,93.4,FF,R
"Bibee, Tanner",676440,2026-09-08,824792,93.7,FF,R
"Bibee, Tanner",676440,2026-09-08,824792,93.0,FF,R
"Bibee, Tanner",676440,2026-09-08,824792,93.4,FF,R
"Bibee, Tanner",676440,2026-09-08,824792,93.9,FF,R
"Bibee, Tanner",676440,2026-09-08,824792,94.7,FF,R
"Bibee, Tanner",676440,2026-09-08,824792,94.1,FF,R
"Bibee, Tanner",676440,2026-09-08,824792,93.5,FF,R
"Bibee, Tanner",676440,2026-09-08,824792,93.1,FF,R
"Bibee, Tanner",676440,2026-09-08,824792,94.6,FF,R
"Bibee, Tanner",676440,2026-09-08,824792,93.8,FF,R
"Bibee, Tanner",676440,2026-09-08,824792,92.5,FF,R
"Bibee, Tanner",676440,2026-09-08,824792,92.7,FF,R
"Abbott, Andrew",671096,2026-09-05,824468,92.0,FF,R
"Abbott, Andrew",671096,2026-09-05,824468,91.3,FF,R
"Abbott, Andrew",671096,2026-09-05,824468,91.7,FF,R
"Abbott, Andrew",671096,2026-09-05,824468,92.2,FF,R
"Abbott, Andrew",671096,2026-09-05,824468,92.2,FF,R
"Abbott, Andrew",671096,2026-09-05,824468,92.1,FF,R
"Abbott, Andrew",671096,2026-09-05,824468,91.5,FF,R
"Abbott, Andrew",671096,2026-09-05,824468,90.3,FF,R
"Abbott, Andrew",671096,2026-09-05,824468,91.7,FF,R
"Abbott, Andrew",671096,2026-09-05,824468,90.5,FF,R
"Abbott, Andrew",671096,2026-09-05,824468,92.6,FF,R
"Abbott, Andrew",671096,2026-09-05,824468,93.2,FF,R
"Abbott, Andrew",671096,2026-09-05,824468,92.8,FF,R
"Abbott, Andrew",671096,2026-09-05,824468,92.1,FF,R
"Abbott, Andrew",671096,2026-09-05,824468,92.8,FF,R
"Abbott, Andrew",671096,2026-09-05,824468,92.6,FF,R
"Abbott, Andrew",671096,2026-09-05,824468,92.9,FF,R
"Abbott, Andrew",671096,2026-09-05,824468,93.3,FF,R
"Abbott, Andrew",671096,2026-09-05,824468,93.5,FF,R
"Abbott, Andrew",671096,2026-09-05,824468,92.7,FF,R
"Abbott, Andrew",671096,2026-09-05,824468,92.6,FF,R
"Abbott, Andrew",671096,2026-09-05,824468,93.3,FF,R
"Abbott, Andrew",671096,2026-09-05,824468,93.8,FF,R
"Abbott, Andrew",671096,2026-09-05,824468,93.4,FF,R
"Abbott, Andrew",671096,2026-09-05,824468,93.6,FF,R
"Abbott, Andrew",671096,2026-09-05,824468,91.2,FF,R
"Abbott, Andrew",671096,2026-09-05,824468,91.9,FF,R
"Bibee, Tanner",676440,2026-09-03,824388,93.3,FF,R
"Bibee, Tanner",676440,2026-09-03,824388,92.0,FF,R
"Bibee, Tanner",676440,2026-09-03,824388,92.1,FF,R
"Bibee, Tanner",676440,2026-09-03,824388,93.0,FF,R
"Bibee, Tanner",676440,2026-09-03,824388,92.4,FF,R
"Bibee, Tanner",676440,2026-09-03,824388,92.9,FF,R
"Bibee, Tanner",676440,2026-09-03,824388,93.3,FF,R
"Bibee, Tanner",676440,2026-09-03,824388,94.1,FF,R
"Bibee, Tanner",676440,2026-09-03,824388,94.0,FF,R
"Bibee, Tanner",676440,2026-09-03,824388,93.7,FF,R
"Bibee, Tanner",676440,2026-09-03,824388,94.2,FF,R
"Bibee, Tanner",676440,2026-09-03,824388,92.2,FF,R
"Bibee, Tanner",676440,2026-09-03,824388,94.7,FF,R
"Bibee, Tanner",676440,2026-09-03,824388,94.8,FF,R
"Bibee, Tanner",676440,2026-09-03,824388,93.0,FF,R
"Bibee, Tanner",676440,2026-09-03,824388,94.0,FF,R
"Bibee, Tanner",676440,2026-09-03,824388,94.4,FF,R
"Bibee, Tanner",676440,2026-09-03,824388,93.8,FF,R
"Bibee, Tanner",676440,2026-09-03,824388,95.8,FF,R
"Bibee, Tanner",676440,2026-09-03,824388,95.6,FF,R
"Bibee, Tanner",676440,2026-09-03,824388,95.4,FF,R
"Bibee, Tanner",676440,2026-09-03,824388,94.2,FF,R
"Bibee, Tanner",676440,2026-09-03,824388,94.0,FF,R
"Bibee, Tanner",676440,2026-09-03,824388,93.0,FF,R
"Bibee, Tanner",676440,2026-09-03,824388,93.1,FF,R
"Yamamoto, Yoshinobu",808967,2026-09-02,823906,95.4,FF,R
"Yamamoto, Yoshinobu",808967,2026-09-02,823906,94.5,FF,R
"Yamamoto, Yoshinobu",808967,2026-09-02,823906,95.3,FF,R
"Yamamoto, Yoshinobu",808967,2026-09-02,823906,96.1,FF,R
"Yamamoto, Yoshinobu",808967,2026-09-02,823906,96.1,FF,R
"Yamamoto, Yoshinobu",808967,2026-09-02,823906,96.4,FF,R
"Yamamoto, Yoshinobu",808967,2026-09-02,823906,96.5,FF,R
"Yamamoto, Yoshinobu",808967,2026-09-02,823906,96.1,FF,R
"Yamamoto, Yoshinobu",808967,2026-09-02,823906,97.2,FF,R
"Yamamoto, Yoshinobu",808967,2026-09-02,823906,96.6,FF,R
"Yamamoto, Yoshinobu",808967,2026-09-02,823906,96.8,FF,R
"Yamamoto, Yoshinobu",808967,2026-09-02,823906,97.6,FF,R
"Yamamoto, Yoshinobu",808967,2026-09-02,823906,97.1,FF,R
"Yamamoto, Yoshinobu",808967,2026-09-02,823906,96.0,FF,R
"Yamamoto, Yoshinobu",808967,2026-09-02,823906,97.1,FF,R
"Yamamoto, Yoshinobu",808967,2026-09-02,823906,96.9,FF,R
"Yamamoto, Yoshinobu",808967,2026-09-02,823906,96.8,FF,R
"Yamamoto, Yoshinobu",808967,2026-09-02,823906,96.5,FF,R
"Yamamoto, Yoshinobu",808967,2026-09-02,823906,96.2,FF,R
"Yamamoto, Yoshinobu",808967,2026-09-02,823906,97.7,FF,R
"Yamamoto, Yoshinobu",808967,2026-09-02,823906,96.2,FF,R
"Yamamoto, Yoshinobu",808967,2026-09-02,823906,97.6,FF,R
"Yamamoto, Yoshinobu",808967,2026-09-02,823906,97.2,FF,R
"Yamamoto, Yoshinobu",808967,2026-09-02,823906,96.7,FF,R
"Yamamoto, Yoshinobu",808967,2026-09-02,823906,96.6,FF,R
"Yamamoto, Yoshinobu",808967,2026-09-02,823906,96.9,FF,R
"Abbott, Andrew",671096,2026-08-29,824637,92.7,FF,R
"Abbott, Andrew",671096,2026-08-29,824637,92.0,FF,R
"Abbott, Andrew",671096,2026-08-29,824637,92.7,FF,R
"Abbott, Andrew",671096,2026-08-29,824637,91.7,FF,R
"Abbott, Andrew",671096,2026-08-29,824637,92.2,FF,R
"Abbott, Andrew",671096,2026-08-29,824637,92.0,FF,R
"Abbott, Andrew",671096,2026-08-29,824637,92.8,FF,R
"Abbott, Andrew",671096,2026-08-29,824637,92.6,FF,R
"Abbott, Andrew",671096,2026-08-29,824637,92.7,FF,R
"Abbott, Andrew",671096,2026-08-29,824637,91.9,FF,R
"Abbott, Andrew",671096,2026-08-29,824637,92.5,FF,R
"Abbott, Andrew",671096,2026-08-29,824637,92.1,FF,R
"Abbott, Andrew",671096,2026-08-29,824637,92.2,FF,R
"Abbott, Andrew",671096,2026-08-29,824637,91.6,FF,R
"Abbott, Andrew",671096,2026-08-29,824637,91.6,FF,R
"Abbott, Andrew",671096,2026-08-29,824637,92.8,FF,R
"Abbott, Andrew",671096,2026-08-29,824637,92.6,FF,R
"Abbott, Andrew",671096,2026-08-29,824637,92.5,FF,R
"Abbott, Andrew",671096,2026-08-29,824637,91.7,FF,R
"Abbott, Andrew",671096,2026-08-29,824637,92.2,FF,R
"Abbott, Andrew",671096,2026-08-29,824637,91.9,FF,R
"Abbott, Andrew",671096,2026-08-29,824637,92.4,FF,R
"Abbott, Andrew",671096,2026-08-29,824637,92.0,FF,R
"Abbott, Andrew",671096,2026-08-29,824637,92.0,FF,R
"Abbott, Andrew",671096,2026-08-29,824637,91.8,FF,R
"Abbott, Andrew",671096,2026-08-29,824637,91.8,FF,R
"Abbott, Andrew",671096,2026-08-29,824637,91.6,FF,R
"Bibee, Tanner",676440,2026-08-28,824396,94.5,FF,R
"Bibee, Tanner",676440,2026-08-28,824396,94.3,FF,R
"Bibee, Tanner",676440,2026-08-28,824396,93.2,FF,R
"Bibee, Tanner",676440,2026-08-28,824396,93.4,FF,R
"Bibee, Tanner",676440,2026-08-28,824396,93.6,FF,R
"Bibee, Tanner",676440,2026-08-28,824396,93.7,FF,R
"Bibee, Tanner",676440,2026-08-28,824396,93.7,FF,R
"Bibee, Tanner",676440,2026-08-28,824396,94.1,FF,R
"Bibee, Tanner",676440,2026-08-28,824396,93.3,FF,R
"Bibee, Tanner",676440,2026-08-28,824396,93.4,FF,R
"Bibee, Tanner",676440,2026-08-28,824396,93.0,FF,R
"Bibee, Tanner",676440,2026-08-28,824396,92.6,FF,R
"Bibee, Tanner",676440,2026-08-28,824396,93.6,FF,R
"Bibee, Tanner",676440,2026-08-28,824396,94.4,FF,R
"Bibee, Tanner",676440,2026-08-28,824396,94.8,FF,R
"Bibee, Tanner",676440,2026-08-28,824396,93.7,FF,R
"Bibee, Tanner",676440,2026-08-28,824396,92.1,FF,R
"Bibee, Tanner",676440,2026-08-28,824396,95.1,FF,R
"Bibee, Tanner",676440,2026-08-28,824396,94.4,FF,R
"Bibee, Tanner",676440,2026-08-28,824396,94.0,FF,R
"Bibee, Tanner",676440,2026-08-28,824396,94.2,FF,R
"Bibee, Tanner",676440,2026-08-28,824396,93.3,FF,R
"Bibee, Tanner",676440,2026-08-28,824396,94.4,FF,R
"Bibee, Tanner",676440,2026-08-28,824396,95.7,FF,R
"Bibee, Tanner",676440,2026-08-28,824396,95.0,FF,R
"Bibee, Tanner",676440,2026-08-28,824396,94.8,FF,R
"Bibee, Tanner",676440,2026-08-28,824396,94.9,FF,R
"Bibee, Tanner",676440,2026-08-28,824396,94.1,FF,R
"Bibee, Tanner",676440,2026-08-28,824396,94.7,FF,R
"Bibee, Tanner",676440,2026-08-28,824396,94.5,FF,R
"Yamamoto, Yoshinobu",808967,2026-08-27,824879,95.4,FF,R
"Yamamoto, Yoshinobu",808967,2026-08-27,824879,95.8,FF,R
"Yamamoto, Yoshinobu",808967,2026-08-27,824879,95.3,FF,R
"Yamamoto, Yoshinobu",808967,2026-08-27,824879,97.0,FF,R
"Yamamoto, Yoshinobu",808967,2026-08-27,824879,95.6,FF,R
"Yamamoto, Yoshinobu",808967,2026-08-27,824879,96.4,FF,R
"Yamamoto, Yoshinobu",808967,2026-08-27,824879,94.7,FF,R
"Yamamoto, Yoshinobu",808967,2026-08-27,824879,96.1,FF,R
"Yamamoto, Yoshinobu",808967,2026-08-27,824879,96.8,FF,R
"Yamamoto, Yoshinobu",808967,2026-08-27,824879,94.9,FF,R
"Yamamoto, Yoshinobu",808967,2026-08-27,824879,95.4,FF,R
"Yamamoto, Yoshinobu",808967,2026-08-27,824879,96.3,FF,R
"Yamamoto, Yoshinobu",808967,2026-08-27,824879,95.8,FF,R
"Yamamoto, Yoshinobu",808967,2026-08-27,824879,95.4,FF,R
"Yamamoto, Yoshinobu",808967,2026-08-27,824879,96.9,FF,R
"Yamamoto, Yoshinobu",808967,2026-08-27,824879,95.5,FF,R
"Yamamoto, Yoshinobu",808967,2026-08-27,824879,96.2,FF,R
"Yamamoto, Yoshinobu",808967,2026-08-27,824879,95.8,FF,R
"Yamamoto, Yoshinobu",808967,2026-08-27,824879,95.7,FF,R
"Yamamoto, Yoshinobu",808967,2026-08-27,824879,96.0,FF,R
"Yamamoto, Yoshinobu",808967,2026-08-27,824879,95.8,FF,R
"Yamamoto, Yoshinobu",808967,2026-08-27,824879,96.0,FF,R
"Yamamoto, Yoshinobu",808967,2026-08-27,824879,95.9,FF,R
"Yamamoto, Yoshinobu",808967,2026-08-27,824879,96.1,FF,R
"Yamamoto, Yoshinobu",808967,2026-08-27,824879,94.9,FF,R
"Yamamoto, Yoshinobu",808967,2026-08-27,824879,94.7,FF,R
"Yamamoto, Yoshinobu",808967,2026-08-27,824879,96.1,FF,R
"Yamamoto, Yoshinobu",808967,2026-08-27,824879,95.2,FF,R
"Yamamoto, Yoshinobu",808967,2026-08-27,824879,94.2,FF,R
"Abbott, Andrew",671096,2026-08-23,825043,91.3,FF,R
"Abbott, Andrew",671096,2026-08-23,825043,91.0,FF,R
"Abbott, Andrew",671096,2026-08-23,825043,91.6,FF,R
"Abbott, Andrew",671096,2026-08-23,825043,92.1,FF,R
"Abbott, Andrew",671096,2026-08-23,825043,92.2,FF,R
"Abbott, Andrew",671096,2026-08-23,825043,91.9,FF,R
"Abbott, Andrew",671096,2026-08-23,825043,92.2,FF,R
"Abbott, Andrew",671096,2026-08-23,825043,91.9,FF,R
"Abbott, Andrew",671096,2026-08-23,825043,92.5,FF,R
"Abbott, Andrew",671096,2026-08-23,825043,93.2,FF,R
"Abbott, Andrew",671096,2026-08-23,825043,92.2,FF,R
"Abbott, Andrew",671096,2026-08-23,825043,92.5,FF,R
"Abbott, Andrew",671096,2026-08-23,825043,92.0,FF,R
"Abbott, Andrew",671096,2026-08-23,825043,92.5,FF,R
"Abbott, Andrew",671096,2026-08-23,825043,92.5,FF,R
"Abbott, Andrew",671096,2026-08-23,825043,92.5,FF,R
"Abbott, Andrew",671096,2026-08-23,825043,92.1,FF,R
"Abbott, Andrew",671096,2026-08-23,825043,91.2,FF,R
"Abbott, Andrew",671096,2026-08-23,825043,92.2,FF,R
"Abbott, Andrew",671096,2026-08-23,825043,93.5,FF,R
"Abbott, Andrew",671096,2026-08-23,825043,92.6,FF,R
"Abbott, Andrew",671096,2026-08-23,825043,92.5,FF,R
"Abbott, Andrew",671096,2026-08-23,825043,92.6,FF,R
"Abbott, Andrew",671096,2026-08-23,825043,92.0,FF,R
"Abbott, Andrew",671096,2026-08-23,825043,91.7,FF,R
"Abbott, Andrew",671096,2026-08-23,825043,92.9,FF,R
"Abbott, Andrew",671096,2026-08-23,825043,92.3,FF,R
"Abbott, Andrew",671096,2026-08-23,825043,92.4,FF,R
"Abbott, Andrew",671096,2026-08-23,825043,92.5,FF,R
"Abbott, Andrew",671096,2026-08-23,825043,93.3,FF,R
"Abbott, Andrew",671096,2026-08-23,825043,92.6,FF,R
"Abbott, Andrew",671096,2026-08-23,825043,93.1,FF,R
"Abbott, Andrew",671096,2026-08-23,825043,93.0,FF,R
"Abbott, Andrew",671096,2026-08-23,825043,92.6,FF,R
"Abbott, Andrew",671096,2026-08-23,825043,92.2,FF,R
"Abbott, Andrew",671096,2026-08-23,825043,91.6,FF,R
"Abbott, Andrew",671096,2026-08-23,825043,91.6,FF,R
"Bibee, Tanner",676440,2026-08-22,824316,95.3,FF,R
"Bibee, Tanner",676440,2026-08-22,824316,93.6,FF,R
"Bibee, Tanner",676440,2026-08-22,824316,93.7,FF,R
"Bibee, Tanner",676440,2026-08-22,824316,92.9,FF,R
"Bibee, Tanner",676440,2026-08-22,824316,92.5,FF,R
"Bibee, Tanner",676440,2026-08-22,824316,93.0,FF,R
"Bibee, Tanner",676440,2026-08-22,824316,93.3,FF,R
"Bibee, Tanner",676440,2026-08-22,824316,92.8,FF,R
"Bibee, Tanner",676440,2026-08-22,824316,92.9,FF,R
"Bibee, Tanner",676440,2026-08-22,824316,93.0,FF,R
"Bibee, Tanner",676440,2026-08-22,824316,94.3,FF,R
"Bibee, Tanner",676440,2026-08-22,824316,94.3,FF,R
"Bibee, Tanner",676440,2026-08-22,824316,93.6,FF,R
"Bibee, Tanner",676440,2026-08-22,824316,93.4,FF,R
"Bibee, Tanner",676440,2026-08-22,824316,93.2,FF,R
"Bibee, Tanner",676440,2026-08-22,824316,94.8,FF,R
"Bibee, Tanner",676440,2026-08-22,824316,93.4,FF,R
"Bibee, Tanner",676440,2026-08-22,824316,93.8,FF,R
"Bibee, Tanner",676440,2026-08-22,824316,94.2,FF,R
"Bibee, Tanner",676440,2026-08-22,824316,93.4,FF,R
"Bibee, Tanner",676440,2026-08-22,824316,95.1,FF,R
"Bibee, Tanner",676440,2026-08-22,824316,95.2,FF,R
"Bibee, Tanner",676440,2026-08-22,824316,94.6,FF,R
"Bibee, Tanner",676440,2026-08-22,824316,95.0,FF,R
"Bibee, Tanner",676440,2026-08-22,824316,94.8,FF,R
"Bibee, Tanner",676440,2026-08-22,824316,94.9,FF,R
"Bibee, Tanner",676440,2026-08-22,824316,94.9,FF,R
"Bibee, Tanner",676440,2026-08-22,824316,95.0,FF,R
"Bibee, Tanner",676440,2026-08-22,824316,95.5,FF,R
"Bibee, Tanner",676440,2026-08-22,824316,94.7,FF,R
"Yamamoto, Yoshinobu",808967,2026-08-21,823911,95.2,FF,R
"Yamamoto, Yoshinobu",808967,2026-08-21,823911,94.9,FF,R
"Yamamoto, Yoshinobu",808967,2026-08-21,823911,96.3,FF,R
"Yamamoto, Yoshinobu",808967,2026-08-21,823911,96.0,FF,R
"Yamamoto, Yoshinobu",808967,2026-08-21,823911,96.1,FF,R
"Yamamoto, Yoshinobu",808967,2026-08-21,823911,95.1,FF,R
"Yamamoto, Yoshinobu",808967,2026-08-21,823911,96.4,FF,R
"Yamamoto, Yoshinobu",808967,2026-08-21,823911,95.0,FF,R
"Yamamoto, Yoshinobu",808967,2026-08-21,823911,95.6,FF,R
"Yamamoto, Yoshinobu",808967,2026-08-21,823911,96.0,FF,R
"Yamamoto, Yoshinobu",808967,2026-08-21,823911,94.9,FF,R
"Yamamoto, Yoshinobu",808967,2026-08-21,823911,95.7,FF,R
"Yamamoto, Yoshinobu",808967,2026-08-21,823911,95.1,FF,R
"Yamamoto, Yoshinobu",808967,2026-08-21,823911,94.1,FF,R
"Yamamoto, Yoshinobu",808967,2026-08-21,823911,95.8,FF,R
"Yamamoto, Yoshinobu",808967,2026-08-21,823911,94.0,FF,R
"Yamamoto, Yoshinobu",808967,2026-08-21,823911,95.7,FF,R
"Yamamoto, Yoshinobu",808967,2026-08-21,823911,95.9,FF,R
"Yamamoto, Yoshinobu",808967,2026-08-21,823911,96.0,FF,R
"Yamamoto, Yoshinobu",808967,2026-08-21,823911,96.8,FF,R
"Yamamoto, Yoshinobu",808967,2026-08-21,823911,96.4,FF,R
"Yamamoto, Yoshinobu",808967,2026-08-21,823911,97.3,FF,R
"Yamamoto, Yoshinobu",808967,2026-08-21,823911,96.3,FF,R
"Yamamoto, Yoshinobu",808967,2026-08-21,823911,95.8,FF,R
"Yamamoto, Yoshinobu",808967,2026-08-21,823911,95.8,FF,R
"Yamamoto, Yoshinobu",808967,2026-08-21,823911,95.0,FF,R
"Yamamoto, Yoshinobu",808967,2026-08-21,823911,94.7,FF,R
"Yamamoto, Yoshinobu",808967,2026-08-21,823911,96.7,FF,R
"Abbott, Andrew",671096,2026-08-18,824475,91.4,FF,R
"Abbott, Andrew",671096,2026-08-18,824475,93.2,FF,R
"Abbott, Andrew",671096,2026-08-18,824475,93.1,FF,R
"Abbott, Andrew",671096,2026-08-18,824475,92.8,FF,R
"Abbott, Andrew",671096,2026-08-18,824475,92.1,FF,R
"Abbott, Andrew",671096,2026-08-18,824475,92.3,FF,R
"Abbott, Andrew",671096,2026-08-18,824475,92.0,FF,R
"Abbott, Andrew",671096,2026-08-18,824475,92.3,FF,R
"Abbott, Andrew",671096,2026-08-18,824475,91.6,FF,R
"Abbott, Andrew",671096,2026-08-18,824475,92.1,FF,R
"Abbott, Andrew",671096,2026-08-18,824475,92.8,FF,R
"Abbott, Andrew",671096,2026-08-18,824475,93.0,FF,R
"Abbott, Andrew",671096,2026-08-18,824475,92.6,FF,R
"Abbott, Andrew",671096,2026-08-18,824475,92.9,FF,R
"Abbott, Andrew",671096,2026-08-18,824475,93.1,FF,R
"Abbott, Andrew",671096,2026-08-18,824475,91.9,FF,R
"Abbott, Andrew",671096,2026-08-18,824475,93.2,FF,R
"Abbott, Andrew",671096,2026-08-18,824475,93.5,FF,R
"Abbott, Andrew",671096,2026-08-18,824475,93.3,FF,R
"Abbott, Andrew",671096,2026-08-18,824475,93.2,FF,R
"Abbott, Andrew",671096,2026-08-18,824475,92.6,FF,R
"Abbott, Andrew",671096,2026-08-18,824475,92.9,FF,R
"Abbott, Andrew",671096,2026-08-18,824475,92.6,FF,R
"Abbott, Andrew",671096,2026-08-18,824475,91.6,FF,R
"Abbott, Andrew",671096,2026-08-18,824475,92.9,FF,R
"Abbott, Andrew",671096,2026-08-18,824475,92.5,FF,R
"Abbott, Andrew",671096,2026-08-18,824475,93.0,FF,R
"Abbott, Andrew",671096,2026-08-18,824475,92.8,FF,R
"Abbott, Andrew",671096,2026-08-18,824475,93.0,FF,R
"Abbott, Andrew",671096,2026-08-18,824475,92.6,FF,R
"Abbott, Andrew",671096,2026-08-18,824475,91.8,FF,R
"Abbott, Andrew",671096,2026-08-18,824475,92.8,FF,R
"Abbott, Andrew",671096,2026-08-18,824475,92.5,FF,R
"Abbott, Andrew",671096,2026-08-18,824475,92.4,FF,R
"Abbott, Andrew",671096,2026-08-18,824475,92.2,FF,R
"Abbott, Andrew",671096,2026-08-18,824475,92.3,FF,R
"Abbott, Andrew",671096,2026-08-18,824475,92.3,FF,R
"Bibee, Tanner",676440,2026-08-16,824397,93.5,FF,R
"Bibee, Tanner",676440,2026-08-16,824397,93.7,FF,R
"Bibee, Tanner",676440,2026-08-16,824397,93.9,FF,R
"Bibee, Tanner",676440,2026-08-16,824397,94.4,FF,R
"Bibee, Tanner",676440,2026-08-16,824397,92.7,FF,R
"Bibee, Tanner",676440,2026-08-16,824397,93.8,FF,R
"Bibee, Tanner",676440,2026-08-16,824397,93.6,FF,R
"Bibee, Tanner",676440,2026-08-16,824397,93.4,FF,R
"Bibee, Tanner",676440,2026-08-16,824397,94.8,FF,R
"Bibee, Tanner",676440,2026-08-16,824397,93.8,FF,R
"Bibee, Tanner",676440,2026-08-16,824397,94.0,FF,R
"Bibee, Tanner",676440,2026-08-16,824397,93.6,FF,R
"Bibee, Tanner",676440,2026-08-16,824397,92.4,FF,R
"Bibee, Tanner",676440,2026-08-16,824397,93.3,FF,R
"Bibee, Tanner",676440,2026-08-16,824397,93.0,FF,R
"Bibee, Tanner",676440,2026-08-16,824397,92.8,FF,R
"Bibee, Tanner",676440,2026-08-16,824397,92.9,FF,R
"Bibee, Tanner",676440,2026-08-16,824397,93.9,FF,R
"Bibee, Tanner",676440,2026-08-16,824397,93.4,FF,R
"Bibee, Tanner",676440,2026-08-16,824397,94.3,FF,R
"Bibee, Tanner",676440,2026-08-16,824397,93.9,FF,R
"Bibee, Tanner",676440,2026-08-16,824397,93.6,FF,R
"Bibee, Tanner",676440,2026-08-16,824397,93.1,FF,R
"Bibee, Tanner",676440,2026-08-16,824397,93.3,FF,R
"Bibee, Tanner",676440,2026-08-16,824397,95.0,FF,R
"Bibee, Tanner",676440,2026-08-16,824397,95.0,FF,R
"Bibee, Tanner",676440,2026-08-16,824397,93.7,FF,R
"Bibee, Tanner",676440,2026-08-16,824397,94.7,FF,R
"Bibee, Tanner",676440,2026-08-16,824397,95.6,FF,R
"Bibee, Tanner",676440,2026-08-16,824397,94.2,FF,R
"Bibee, Tanner",676440,2026-08-16,824397,95.2,FF,R
"Bibee, Tanner",676440,2026-08-16,824397,94.9,FF,R
"Bibee, Tanner",676440,2026-08-16,824397,95.3,FF,R
"Yamamoto, Yoshinobu",808967,2026-08-14,823913,95.6,FF,R
"Yamamoto, Yoshinobu",808967,2026-08-14,823913,95.5,FF,R
"Yamamoto, Yoshinobu",808967,2026-08-14,823913,96.5,FF,R
"Yamamoto, Yoshinobu",808967,2026-08-14,823913,95.6,FF,R
"Yamamoto, Yoshinobu",808967,2026-08-14,823913,96.2,FF,R
"Yamamoto, Yoshinobu",808967,2026-08-14,823913,95.9,FF,R
"Yamamoto, Yoshinobu",808967,2026-08-14,823913,95.4,FF,R
"Yamamoto, Yoshinobu",808967,2026-08-14,823913,95.1,FF,R
"Yamamoto, Yoshinobu",808967,2026-08-14,823913,95.5,FF,R
"Yamamoto, Yoshinobu",808967,2026-08-14,823913,95.5,FF,R
"Yamamoto, Yoshinobu",808967,2026-08-14,823913,96.2,FF,R
"Yamamoto, Yoshinobu",808967,2026-08-14,823913,96.5,FF,R
"Yamamoto, Yoshinobu",808967,2026-08-14,823913,97.0,FF,R
"Yamamoto, Yoshinobu",808967,2026-08-14,823913,97.0,FF,R
"Yamamoto, Yoshinobu",808967,2026-08-14,823913,95.8,FF,R
"Yamamoto, Yoshinobu",808967,2026-08-14,823913,96.8,FF,R
"Yamamoto, Yoshinobu",808967,2026-08-14,823913,96.0,FF,R
"Yamamoto, Yoshinobu",808967,2026-08-14,823913,96.5,FF,R
"Yamamoto, Yoshinobu",808967,2026-08-14,823913,95.6,FF,R
"Yamamoto, Yoshinobu",808967,2026-08-14,823913,95.0,FF,R
"Yamamoto, Yoshinobu",808967,2026-08-14,823913,97.1,FF,R
"Yamamoto, Yoshinobu",808967,2026-08-14,823913,95.8,FF,R
"Yamamoto, Yoshinobu",808967,2026-08-14,823913,97.7,FF,R
"Yamamoto, Yoshinobu",808967,2026-08-14,823913,96.6,FF,R
"Yamamoto, Yoshinobu",808967,2026-08-14,823913,96.1,FF,R
"Yamamoto, Yoshinobu",808967,2026-08-14,823913,96.9,FF,R
"Yamamoto, Yoshinobu",808967,2026-08-14,823913,97.5,FF,R
"Yamamoto, Yoshinobu",808967,2026-08-14,823913,97.4,FF,R
"Yamamoto, Yoshinobu",808967,2026-08-14,823913,97.1,FF,R
"Yamamoto, Yoshinobu",808967,2026-08-14,823913,96.4,FF,R
"Yamamoto, Yoshinobu",808967,2026-08-14,823913,96.1,FF,R
"Abbott, Andrew",671096,2026-08-13,824561,92.4,FF,R
"Abbott, Andrew",671096,2026-08-13,824561,92.7,FF,R
"Abbott, Andrew",671096,2026-08-13,824561,91.9,FF,R
"Abbott, Andrew",671096,2026-08-13,824561,91.4,FF,R
"Abbott, Andrew",671096,2026-08-13,824561,91.9,FF,R
"Abbott, Andrew",671096,2026-08-13,824561,91.8,FF,R
"Abbott, Andrew",671096,2026-08-13,824561,91.8,FF,R
"Abbott, Andrew",671096,2026-08-13,824561,90.4,FF,R
"Abbott, Andrew",671096,2026-08-13,824561,91.4,FF,R
"Abbott, Andrew",671096,2026-08-13,824561,91.6,FF,R
"Abbott, Andrew",671096,2026-08-13,824561,91.9,FF,R
"Abbott, Andrew",671096,2026-08-13,824561,91.0,FF,R
"Abbott, Andrew",671096,2026-08-13,824561,91.3,FF,R
"Abbott, Andrew",671096,2026-08-13,824561,91.7,FF,R
"Abbott, Andrew",671096,2026-08-13,824561,92.0,FF,R
"Abbott, Andrew",671096,2026-08-13,824561,91.8,FF,R
"Abbott, Andrew",671096,2026-08-13,824561,91.6,FF,R
"Abbott, Andrew",671096,2026-08-13,824561,91.4,FF,R
"Abbott, Andrew",671096,2026-08-13,824561,92.5,FF,R
"Abbott, Andrew",671096,2026-08-13,824561,90.4,FF,R
"Abbott, Andrew",671096,2026-08-13,824561,92.5,FF,R
"Abbott, Andrew",671096,2026-08-13,824561,92.7,FF,R
"Abbott, Andrew",671096,2026-08-13,824561,92.8,FF,R
"Abbott, Andrew",671096,2026-08-13,824561,91.6,FF,R
"Abbott, Andrew",671096,2026-08-13,824561,91.4,FF,R
"Abbott, Andrew",671096,2026-08-13,824561,92.6,FF,R
"Abbott, Andrew",671096,2026-08-13,824561,92.9,FF,R
"Abbott, Andrew",671096,2026-08-13,824561,92.6,FF,R
"Abbott, Andrew",671096,2026-08-13,824561,93.1,FF,R
"Abbott, Andrew",671096,2026-08-13,824561,93.3,FF,R
"Abbott, Andrew",671096,2026-08-13,824561,92.1,FF,R
"Abbott, Andrew",671096,2026-08-13,824561,92.2,FF,R
"Abbott, Andrew",671096,2026-08-13,824561,91.9,FF,R
"Abbott, Andrew",671096,2026-08-13,824561,92.4,FF,R
"Abbott, Andrew",671096,2026-08-13,824561,92.8,FF,R
"Abbott, Andrew",671096,2026-08-13,824561,92.5,FF,R
"Abbott, Andrew",671096,2026-08-13,824561,92.2,FF,R
"Abbott, Andrew",671096,2026-08-13,824561,92.6,FF,R
"Abbott, Andrew",671096,2026-08-13,824561,92.3,FF,R
"Bibee, Tanner",676440,2026-08-11,824240,92.3,FF,R
"Bibee, Tanner",676440,2026-08-11,824240,93.7,FF,R
"Bibee, Tanner",676440,2026-08-11,824240,92.7,FF,R
"Bibee, Tanner",676440,2026-08-11,824240,91.8,FF,R
"Bibee, Tanner",676440,2026-08-11,824240,93.9,FF,R
"Bibee, Tanner",676440,2026-08-11,824240,92.9,FF,R
"Bibee, Tanner",676440,2026-08-11,824240,92.9,FF,R
"Bibee, Tanner",676440,2026-08-11,824240,93.0,FF,R
"Bibee, Tanner",676440,2026-08-11,824240,94.1,FF,R
"Bibee, Tanner",676440,2026-08-11,824240,94.9,FF,R
"Bibee, Tanner",676440,2026-08-11,824240,93.2,FF,R
"Bibee, Tanner",676440,2026-08-11,824240,94.8,FF,R
"Bibee, Tanner",676440,2026-08-11,824240,94.6,FF,R
"Bibee, Tanner",676440,2026-08-11,824240,93.6,FF,R
"Bibee, Tanner",676440,2026-08-11,824240,93.7,FF,R
"Bibee, Tanner",676440,2026-08-11,824240,94.3,FF,R
"Bibee, Tanner",676440,2026-08-11,824240,93.4,FF,R
"Bibee, Tanner",676440,2026-08-11,824240,93.5,FF,R
"Yamamoto, Yoshinobu",808967,2026-08-08,825049,95.3,FF,R
"Yamamoto, Yoshinobu",808967,2026-08-08,825049,96.8,FF,R
"Yamamoto, Yoshinobu",808967,2026-08-08,825049,97.4,FF,R
"Yamamoto, Yoshinobu",808967,2026-08-08,825049,97.4,FF,R
"Yamamoto, Yoshinobu",808967,2026-08-08,825049,97.2,FF,R
"Yamamoto, Yoshinobu",808967,2026-08-08,825049,96.7,FF,R
"Yamamoto, Yoshinobu",808967,2026-08-08,825049,97.8,FF,R
"Yamamoto, Yoshinobu",808967,2026-08-08,825049,97.4,FF,R
"Yamamoto, Yoshinobu",808967,2026-08-08,825049,97.4,FF,R
"Yamamoto, Yoshinobu",808967,2026-08-08,825049,96.6,FF,R
"Yamamoto, Yoshinobu",808967,2026-08-08,825049,96.6,FF,R
"Yamamoto, Yoshinobu",808967,2026-08-08,825049,95.8,FF,R
"Yamamoto, Yoshinobu",808967,2026-08-08,825049,97.3,FF,R
"Yamamoto, Yoshinobu",808967,2026-08-08,825049,96.7,FF,R
"Yamamoto, Yoshinobu",808967,2026-08-08,825049,95.8,FF,R
"Yamamoto, Yoshinobu",808967,2026-08-08,825049,97.8,FF,R
"Yamamoto, Yoshinobu",808967,2026-08-08,825049,96.5,FF,R
"Yamamoto, Yoshinobu",808967,2026-08-08,825049,96.3,FF,R
"Yamamoto, Yoshinobu",808967,2026-08-08,825049,96.5,FF,R
"Yamamoto, Yoshinobu",808967,2026-08-08,825049,96.9,FF,R
"Yamamoto, Yoshinobu",808967,2026-08-08,825049,97.3,FF,R
"Yamamoto, Yoshinobu",808967,2026-08-08,825049,96.2,FF,R
"Yamamoto, Yoshinobu",808967,2026-08-08,825049,96.9,FF,R
"Yamamoto, Yoshinobu",808967,2026-08-08,825049,96.6,FF,R
"Yamamoto, Yoshinobu",808967,2026-08-08,825049,96.6,FF,R
"Yamamoto, Yoshinobu",808967,2026-08-08,825049,95.5,FF,R
"Yamamoto, Yoshinobu",808967,2026-08-08,825049,96.4,FF,R
"Yamamoto, Yoshinobu",808967,2026-08-08,825049,95.9,FF,R
"Yamamoto, Yoshinobu",808967,2026-08-08,825049,95.5,FF,R
"Yamamoto, Yoshinobu",808967,2026-08-08,825049,95.2,FF,R
"Yamamoto, Yoshinobu",808967,2026-08-08,825049,94.9,FF,R
"Abbott, Andrew",671096,2026-08-06,824481,92.6,FF,R
"Abbott, Andrew",671096,2026-08-06,824481,92.0,FF,R
"Abbott, Andrew",671096,2026-08-06,824481,91.1,FF,R
"Abbott, Andrew",671096,2026-08-06,824481,93.3,FF,R
"Abbott, Andrew",671096,2026-08-06,824481,92.4,FF,R
"Abbott, Andrew",671096,2026-08-06,824481,93.1,FF,R
"Abbott, Andrew",671096,2026-08-06,824481,92.9,FF,R
"Abbott, Andrew",671096,2026-08-06,824481,91.3,FF,R
"Abbott, Andrew",671096,2026-08-06,824481,92.5,FF,R
"Abbott, Andrew",671096,2026-08-06,824481,91.7,FF,R
"Abbott, Andrew",671096,2026-08-06,824481,90.7,FF,R
"Abbott, Andrew",671096,2026-08-06,824481,91.4,FF,R
"Abbott, Andrew",671096,2026-08-06,824481,92.7,FF,R
"Abbott, Andrew",671096,2026-08-06,824481,92.2,FF,R
"Abbott, Andrew",671096,2026-08-06,824481,92.1,FF,R
"Abbott, Andrew",671096,2026-08-06,824481,92.2,FF,R
"Abbott, Andrew",671096,2026-08-06,824481,92.4,FF,R
"Abbott, Andrew",671096,2026-08-06,824481,92.0,FF,R
"Abbott, Andrew",671096,2026-08-06,824481,91.3,FF,R
"Abbott, Andrew",671096,2026-08-06,824481,90.3,FF,R
"Abbott, Andrew",671096,2026-08-06,824481,90.6,FF,R
"Abbott, Andrew",671096,2026-08-06,824481,92.7,FF,R
"Abbott, Andrew",671096,2026-08-06,824481,92.5,FF,R
"Abbott, Andrew",671096,2026-08-06,824481,92.6,FF,R
"Abbott, Andrew",671096,2026-08-06,824481,92.5,FF,R
"Abbott, Andrew",671096,2026-08-06,824481,92.4,FF,R
"Abbott, Andrew",671096,2026-08-06,824481,92.4,FF,R
"Abbott, Andrew",671096,2026-08-06,824481,92.9,FF,R
"Abbott, Andrew",671096,2026-08-06,824481,92.1,FF,R
"Abbott, Andrew",671096,2026-08-06,824481,92.1,FF,R
"Abbott, Andrew",671096,2026-08-06,824481,92.3,FF,R
"Abbott, Andrew",671096,2026-08-06,824481,92.3,FF,R
"Abbott, Andrew",671096,2026-08-06,824481,91.2,FF,R
"Abbott, Andrew",671096,2026-08-06,824481,91.8,FF,R
"Abbott, Andrew",671096,2026-08-06,824481,91.5,FF,R
"Abbott, Andrew",671096,2026-08-06,824481,90.9,FF,R
"Bibee, Tanner",676440,2026-08-05,824402,93.4,FF,R
"Bibee, Tanner",676440,2026-08-05,824402,94.5,FF,R
"Bibee, Tanner",676440,2026-08-05,824402,93.3,FF,R
"Bibee, Tanner",676440,2026-08-05,824402,93.9,FF,R
"Bibee, Tanner",676440,2026-08-05,824402,94.2,FF,R
"Bibee, Tanner",676440,2026-08-05,824402,93.9,FF,R
"Bibee, Tanner",676440,2026-08-05,824402,93.4,FF,R
"Bibee, Tanner",676440,2026-08-05,824402,94.4,FF,R
"Bibee, Tanner",676440,2026-08-05,824402,95.0,FF,R
"Bibee, Tanner",676440,2026-08-05,824402,94.3,FF,R
"Bibee, Tanner",676440,2026-08-05,824402,94.3,FF,R
"Bibee, Tanner",676440,2026-08-05,824402,95.4,FF,R
"Bibee, Tanner",676440,2026-08-05,824402,95.6,FF,R
"Bibee, Tanner",676440,2026-08-05,824402,94.1,FF,R
"Bibee, Tanner",676440,2026-08-05,824402,94.7,FF,R
"Bibee, Tanner",676440,2026-08-05,824402,94.6,FF,R
"Bibee, Tanner",676440,2026-08-05,824402,95.8,FF,R
"Bibee, Tanner",676440,2026-08-05,824402,94.0,FF,R
"Yamamoto, Yoshinobu",808967,2026-08-01,823920,97.6,FF,R
"Yamamoto, Yoshinobu",808967,2026-08-01,823920,96.3,FF,R
"Abbott, Andrew",671096,2026-08-01,824485,90.9,FF,R
"Abbott, Andrew",671096,2026-08-01,824485,92.5,FF,R
"Yamamoto, Yoshinobu",808967,2026-08-01,823920,97.3,FF,R
"Abbott, Andrew",671096,2026-08-01,824485,91.9,FF,R
"Yamamoto, Yoshinobu",808967,2026-08-01,823920,96.0,FF,R
"Abbott, Andrew",671096,2026-08-01,824485,92.3,FF,R
"Yamamoto, Yoshinobu",808967,2026-08-01,823920,97.2,FF,R
"Yamamoto, Yoshinobu",808967,2026-08-01,823920,97.4,FF,R
"Abbott, Andrew",671096,2026-08-01,824485,91.2,FF,R
"Abbott, Andrew",671096,2026-08-01,824485,90.8,FF,R
"Yamamoto, Yoshinobu",808967,2026-08-01,823920,97.7,FF,R
"Yamamoto, Yoshinobu",808967,2026-08-01,823920,97.0,FF,R
"Yamamoto, Yoshinobu",808967,2026-08-01,823920,96.6,FF,R
"Abbott, Andrew",671096,2026-08-01,824485,91.4,FF,R
"Abbott, Andrew",671096,2026-08-01,824485,92.4,FF,R
"Abbott, Andrew",671096,2026-08-01,824485,91.1,FF,R
"Yamamoto, Yoshinobu",808967,2026-08-01,823920,96.7,FF,R
"Abbott, Andrew",671096,2026-08-01,824485,90.1,FF,R
"Abbott, Andrew",671096,2026-08-01,824485,90.9,FF,R
"Abbott, Andrew",671096,2026-08-01,824485,89.7,FF,R
"Yamamoto, Yoshinobu",808967,2026-08-01,823920,96.1,FF,R
"Abbott, Andrew",671096,2026-08-01,824485,91.6,FF,R
"Abbott, Andrew",671096,2026-08-01,824485,90.8,FF,R
"Abbott, Andrew",671096,2026-08-01,824485,91.9,FF,R
"Yamamoto, Yoshinobu",808967,2026-08-01,823920,97.3,FF,R
"Yamamoto, Yoshinobu",808967,2026-08-01,823920,96.9,FF,R
"Abbott, Andrew",671096,2026-08-01,824485,92.7,FF,R
"Abbott, Andrew",671096,2026-08-01,824485,92.4,FF,R
"Abbott, Andrew",671096,2026-08-01,824485,92.8,FF,R
"Yamamoto, Yoshinobu",808967,2026-08-01,823920,96.6,FF,R
"Yamamoto, Yoshinobu",808967,2026-08-01,823920,97.3,FF,R
"Abbott, Andrew",671096,2026-08-01,824485,92.8,FF,R
"Yamamoto, Yoshinobu",808967,2026-08-01,823920,95.6,FF,R
"Abbott, Andrew",671096,2026-08-01,824485,92.8,FF,R
"Abbott, Andrew",671096,2026-08-01,824485,91.9,FF,R
"Abbott, Andrew",671096,2026-08-01,824485,92.1,FF,R
"Yamamoto, Yoshinobu",808967,2026-08-01,823920,97.5,FF,R
"Yamamoto, Yoshinobu",808967,2026-08-01,823920,96.8,FF,R
"Yamamoto, Yoshinobu",808967,2026-08-01,823920,97.8,FF,R
"Abbott, Andrew",671096,2026-08-01,824485,92.4,FF,R
"Abbott, Andrew",671096,2026-08-01,824485,92.1,FF,R
"Yamamoto, Yoshinobu",808967,2026-08-01,823920,96.7,FF,R
"Abbott, Andrew",671096,2026-08-01,824485,92.8,FF,R
"Abbott, Andrew",671096,2026-08-01,824485,92.3,FF,R
"Abbott, Andrew",671096,2026-08-01,824485,93.2,FF,R
"Yamamoto, Yoshinobu",808967,2026-08-01,823920,96.3,FF,R
"Abbott, Andrew",671096,2026-08-01,824485,92.4,FF,R
"Abbott, Andrew",671096,2026-08-01,824485,93.1,FF,R
"Abbott, Andrew",671096,2026-08-01,824485,92.3,FF,R
"Yamamoto, Yoshinobu",808967,2026-08-01,823920,97.3,FF,R
"Abbott, Andrew",671096,2026-08-01,824485,91.5,FF,R
"Abbott, Andrew",671096,2026-08-01,824485,91.7,FF,R
"Abbott, Andrew",671096,2026-08-01,824485,90.4,FF,R
"Bibee, Tanner",676440,2026-07-31,824407,92.5,FF,R
"Bibee, Tanner",676440,2026-07-31,824407,93.0,FF,R
"Bibee, Tanner",676440,2026-07-31,824407,92.4,FF,R
"Bibee, Tanner",676440,2026-07-31,824407,93.6,FF,R
"Bibee, Tanner",676440,2026-07-31,824407,93.1,FF,R
"Bibee, Tanner",676440,2026-07-31,824407,93.9,FF,R
"Bibee, Tanner",676440,2026-07-31,824407,93.5,FF,R
"Bibee, Tanner",676440,2026-07-31,824407,95.1,FF,R
"Bibee, Tanner",676440,2026-07-31,824407,93.8,FF,R
"Bibee, Tanner",676440,2026-07-31,824407,94.3,FF,R
"Bibee, Tanner",676440,2026-07-31,824407,93.3,FF,R
"Bibee, Tanner",676440,2026-07-31,824407,93.0,FF,R
"Bibee, Tanner",676440,2026-07-31,824407,94.2,FF,R
"Bibee, Tanner",676440,2026-07-31,824407,93.5,FF,R
"Bibee, Tanner",676440,2026-07-31,824407,93.9,FF,R
"Bibee, Tanner",676440,2026-07-31,824407,94.7,FF,R
"Bibee, Tanner",676440,2026-07-31,824407,95.2,FF,R
"Bibee, Tanner",676440,2026-07-31,824407,95.4,FF,R
"Bibee, Tanner",676440,2026-07-31,824407,94.8,FF,R
"Bibee, Tanner",676440,2026-07-31,824407,95.0,FF,R
"Bibee, Tanner",676440,2026-07-31,824407,95.1,FF,R
"Abbott, Andrew",671096,2026-07-26,823028,89.9,FF,R
"Abbott, Andrew",671096,2026-07-26,823028,90.2,FF,R
"Abbott, Andrew",671096,2026-07-26,823028,88.8,FF,R
"Abbott, Andrew",671096,2026-07-26,823028,90.5,FF,R
"Abbott, Andrew",671096,2026-07-26,823028,90.7,FF,R
"Abbott, Andrew",671096,2026-07-26,823028,90.7,FF,R
"Abbott, Andrew",671096,2026-07-26,823028,92.1,FF,R
"Abbott, Andrew",671096,2026-07-26,823028,90.5,FF,R
"Abbott, Andrew",671096,2026-07-26,823028,91.4,FF,R
"Abbott, Andrew",671096,2026-07-26,823028,91.0,FF,R
"Abbott, Andrew",671096,2026-07-26,823028,90.5,FF,R
"Abbott, Andrew",671096,2026-07-26,823028,90.7,FF,R
"Abbott, Andrew",671096,2026-07-26,823028,91.4,FF,R
"Abbott, Andrew",671096,2026-07-26,823028,89.7,FF,R
"Abbott, Andrew",671096,2026-07-26,823028,89.5,FF,R
"Abbott, Andrew",671096,2026-07-26,823028,90.9,FF,R
"Abbott, Andrew",671096,2026-07-26,823028,90.9,FF,R
"Abbott, Andrew",671096,2026-07-26,823028,89.9,FF,R
"Abbott, Andrew",671096,2026-07-26,823028,90.7,FF,R
"Abbott, Andrew",671096,2026-07-26,823028,90.6,FF,R
"Abbott, Andrew",671096,2026-07-26,823028,91.6,FF,R
"Abbott, Andrew",671096,2026-07-26,823028,91.3,FF,R
"Abbott, Andrew",671096,2026-07-26,823028,92.3,FF,R
"Abbott, Andrew",671096,2026-07-26,823028,92.2,FF,R
"Abbott, Andrew",671096,2026-07-26,823028,90.5,FF,R
"Abbott, Andrew",671096,2026-07-26,823028,91.7,FF,R
"Abbott, Andrew",671096,2026-07-26,823028,92.3,FF,R
"Abbott, Andrew",671096,2026-07-26,823028,92.8,FF,R
"Abbott, Andrew",671096,2026-07-26,823028,91.6,FF,R
"Abbott, Andrew",671096,2026-07-26,823028,92.4,FF,R
"Abbott, Andrew",671096,2026-07-26,823028,91.7,FF,R
"Abbott, Andrew",671096,2026-07-26,823028,92.1,FF,R
"Abbott, Andrew",671096,2026-07-26,823028,92.0,FF,R
"Abbott, Andrew",671096,2026-07-26,823028,92.9,FF,R
"Abbott, Andrew",671096,2026-07-26,823028,92.2,FF,R
"Abbott, Andrew",671096,2026-07-26,823028,91.8,FF,R
"Abbott, Andrew",671096,2026-07-26,823028,91.1,FF,R
"Abbott, Andrew",671096,2026-07-26,823028,91.9,FF,R
"Abbott, Andrew",671096,2026-07-26,823028,92.7,FF,R
"Abbott, Andrew",671096,2026-07-26,823028,91.9,FF,R
"Abbott, Andrew",671096,2026-07-26,823028,92.4,FF,R
"Abbott, Andrew",671096,2026-07-26,823028,91.0,FF,R
"Bibee, Tanner",676440,2026-07-25,822948,94.2,FF,R
"Bibee, Tanner",676440,2026-07-25,822948,93.8,FF,R
"Bibee, Tanner",676440,2026-07-25,822948,93.6,FF,R
"Yamamoto, Yoshinobu",808967,2026-07-25,823600,95.6,FF,R
"Yamamoto, Yoshinobu",808967,2026-07-25,823600,95.5,FF,R
"Yamamoto, Yoshinobu",808967,2026-07-25,823600,94.2,FF,R
"Bibee, Tanner",676440,2026-07-25,822948,92.1,FF,R
"Bibee, Tanner",676440,2026-07-25,822948,93.1,FF,R
"Bibee, Tanner",676440,2026-07-25,822948,92.4,FF,R
"Bibee, Tanner",676440,2026-07-25,822948,93.3,FF,R
"Yamamoto, Yoshinobu",808967,2026-07-25,823600,95.3,FF,R
"Yamamoto, Yoshinobu",808967,2026-07-25,823600,95.3,FF,R
"Yamamoto, Yoshinobu",808967,2026-07-25,823600,93.2,FF,R
"Bibee, Tanner",676440,2026-07-25,822948,93.4,FF,R
"Yamamoto, Yoshinobu",808967,2026-07-25,823600,96.5,FF,R
"Yamamoto, Yoshinobu",808967,2026-07-25,823600,95.1,FF,R
"Bibee, Tanner",676440,2026-07-25,822948,93.9,FF,R
"Bibee, Tanner",676440,2026-07-25,822948,94.1,FF,R
"Bibee, Tanner",676440,2026-07-25,822948,93.9,FF,R
"Bibee, Tanner",676440,2026-07-25,822948,94.3,FF,R
"Yamamoto, Yoshinobu",808967,2026-07-25,823600,95.3,FF,R
"Yamamoto, Yoshinobu",808967,2026-07-25,823600,96.1,FF,R
"Bibee, Tanner",676440,2026-07-25,822948,93.8,FF,R
"Bibee, Tanner",676440,2026-07-25,822948,94.0,FF,R
"Bibee, Tanner",676440,2026-07-25,822948,93.5,FF,R
"Yamamoto, Yoshinobu",808967,2026-07-25,823600,94.8,FF,R
"Yamamoto, Yoshinobu",808967,2026-07-25,823600,94.9,FF,R
"Bibee, Tanner",676440,2026-07-25,822948,95.4,FF,R
"Yamamoto, Yoshinobu",808967,2026-07-25,823600,95.4,FF,R
"Yamamoto, Yoshinobu",808967,2026-07-25,823600,95.4,FF,R
"Bibee, Tanner",676440,2026-07-25,822948,92.7,FF,R
"Yamamoto, Yoshinobu",808967,2026-07-25,823600,95.2,FF,R
"Bibee, Tanner",676440,2026-07-25,822948,94.2,FF,R
"Yamamoto, Yoshinobu",808967,2026-07-25,823600,95.6,FF,R
"Bibee, Tanner",676440,2026-07-25,822948,93.1,FF,R
"Bibee, Tanner",676440,2026-07-25,822948,93.9,FF,R
"Yamamoto, Yoshinobu",808967,2026-07-25,823600,94.8,FF,R
"Bibee, Tanner",676440,2026-07-25,822948,93.8,FF,R
"Bibee, Tanner",676440,2026-07-25,822948,94.3,FF,R
"Yamamoto, Yoshinobu",808967,2026-07-25,823600,94.7,FF,R
"Yamamoto, Yoshinobu",808967,2026-07-25,823600,95.1,FF,R
"Yamamoto, Yoshinobu",808967,2026-07-25,823600,95.5,FF,R
"Bibee, Tanner",676440,2026-07-25,822948,93.5,FF,R
"Yamamoto, Yoshinobu",808967,2026-07-25,823600,95.7,FF,R
"Bibee, Tanner",676440,2026-07-25,822948,94.2,FF,R
"Bibee, Tanner",676440,2026-07-25,822948,94.0,FF,R
"Yamamoto, Yoshinobu",808967,2026-07-25,823600,95.4,FF,R
"Bibee, Tanner",676440,2026-07-25,822948,95.0,FF,R
"Bibee, Tanner",676440,2026-07-25,822948,93.0,FF,R
"Bibee, Tanner",676440,2026-07-25,822948,95.2,FF,R
"Bibee, Tanner",676440,2026-07-25,822948,94.3,FF,R
"Yamamoto, Yoshinobu",808967,2026-07-25,823600,94.6,FF,R
"Bibee, Tanner",676440,2026-07-25,822948,94.0,FF,R
"Bibee, Tanner",676440,2026-07-25,822948,95.6,FF,R
"Yamamoto, Yoshinobu",808967,2026-07-25,823600,94.4,FF,R
"Yamamoto, Yoshinobu",808967,2026-07-25,823600,94.3,FF,R
"Bibee, Tanner",676440,2026-07-25,822948,94.0,FF,R
"Yamamoto, Yoshinobu",808967,2026-07-25,823600,94.5,FF,R
"Bibee, Tanner",676440,2026-07-25,822948,94.5,FF,R
"Abbott, Andrew",671096,2026-07-20,823112,92.3,FF,R
"Abbott, Andrew",671096,2026-07-20,823112,91.4,FF,R
"Abbott, Andrew",671096,2026-07-20,823112,91.3,FF,R
"Abbott, Andrew",671096,2026-07-20,823112,92.1,FF,R
"Bibee, Tanner",676440,2026-07-20,824410,94.1,FF,R
"Abbott, Andrew",671096,2026-07-20,823112,91.9,FF,R
"Bibee, Tanner",676440,2026-07-20,824410,93.3,FF,R
"Abbott, Andrew",671096,2026-07-20,823112,92.2,FF,R
"Bibee, Tanner",676440,2026-07-20,824410,92.4,FF,R
"Abbott, Andrew",671096,2026-07-20,823112,92.6,FF,R
"Bibee, Tanner",676440,2026-07-20,824410,90.8,FF,R
"Abbott, Andrew",671096,2026-07-20,823112,92.0,FF,R
"Bibee, Tanner",676440,2026-07-20,824410,94.1,FF,R
"Abbott, Andrew",671096,2026-07-20,823112,90.8,FF,R
"Bibee, Tanner",676440,2026-07-20,824410,93.6,FF,R
"Abbott, Andrew",671096,2026-07-20,823112,92.2,FF,R
"Abbott, Andrew",671096,2026-07-20,823112,91.8,FF,R
"Abbott, Andrew",671096,2026-07-20,823112,92.6,FF,R
"Abbott, Andrew",671096,2026-07-20,823112,91.7,FF,R
"Abbott, Andrew",671096,2026-07-20,823112,92.0,FF,R
"Abbott, Andrew",671096,2026-07-20,823112,90.9,FF,R
"Abbott, Andrew",671096,2026-07-20,823112,92.1,FF,R
"Abbott, Andrew",671096,2026-07-20,823112,91.9,FF,R
"Abbott, Andrew",671096,2026-07-20,823112,92.6,FF,R
"Abbott, Andrew",671096,2026-07-20,823112,91.8,FF,R
"Bibee, Tanner",676440,2026-07-20,824410,94.1,FF,R
"Abbott, Andrew",671096,2026-07-20,823112,92.4,FF,R
"Abbott, Andrew",671096,2026-07-20,823112,92.6,FF,R
"Abbott, Andrew",671096,2026-07-20,823112,92.5,FF,R
"Bibee, Tanner",676440,2026-07-20,824410,94.9,FF,R
"Bibee, Tanner",676440,2026-07-20,824410,94.5,FF,R
"Abbott, Andrew",671096,2026-07-20,823112,92.5,FF,R
"Bibee, Tanner",676440,2026-07-20,824410,94.1,FF,R
"Abbott, Andrew",671096,2026-07-20,823112,92.1,FF,R
"Bibee, Tanner",676440,2026-07-20,824410,94.4,FF,R
"Abbott, Andrew",671096,2026-07-20,823112,92.2,FF,R
"Bibee, Tanner",676440,2026-07-20,824410,95.1,FF,R
"Abbott, Andrew",671096,2026-07-20,823112,91.2,FF,R
"Abbott, Andrew",671096,2026-07-20,823112,92.6,FF,R
"Abbott, Andrew",671096,2026-07-20,823112,92.4,FF,R
"Abbott, Andrew",671096,2026-07-20,823112,92.4,FF,R
"Abbott, Andrew",671096,2026-07-20,823112,92.3,FF,R
"Abbott, Andrew",671096,2026-07-20,823112,91.8,FF,R
"Abbott, Andrew",671096,2026-07-20,823112,92.2,FF,R
"Abbott, Andrew",671096,2026-07-20,823112,91.9,FF,R
"Abbott, Andrew",671096,2026-07-20,823112,92.2,FF,R
"Abbott, Andrew",671096,2026-07-20,823112,91.8,FF,R
"Abbott, Andrew",671096,2026-07-20,823112,92.6,FF,R
"Abbott, Andrew",671096,2026-07-20,823112,91.8,FF,R
"Abbott, Andrew",671096,2026-07-20,823112,92.8,FF,R
"Abbott, Andrew",671096,2026-07-20,823112,92.4,FF,R
"Abbott, Andrew",671096,2026-07-20,823112,92.0,FF,R
"Abbott, Andrew",671096,2026-07-20,823112,91.4,FF,R
"Abbott, Andrew",671096,2026-07-20,823112,91.1,FF,R
"Bibee, Tanner",676440,2026-07-20,824410,94.3,FF,R
"Abbott, Andrew",671096,2026-07-20,823112,91.0,FF,R
"Yamamoto, Yoshinobu",808967,2026-07-19,823523,95.7,FF,R
"Yamamoto, Yoshinobu",808967,2026-07-19,823523,95.0,FF,R
"Yamamoto, Yoshinobu",808967,2026-07-19,823523,94.5,FF,R
"Yamamoto, Yoshinobu",808967,2026-07-19,823523,95.2,FF,R
"Yamamoto, Yoshinobu",808967,2026-07-19,823523,94.2,FF,R
"Yamamoto, Yoshinobu",808967,2026-07-19,823523,97.6,FF,R
"Yamamoto, Yoshinobu",808967,2026-07-19,823523,96.4,FF,R
"Yamamoto, Yoshinobu",808967,2026-07-19,823523,97.0,FF,R
"Yamamoto, Yoshinobu",808967,2026-07-19,823523,96.4,FF,R
"Yamamoto, Yoshinobu",808967,2026-07-19,823523,95.8,FF,R
"Yamamoto, Yoshinobu",808967,2026-07-19,823523,95.2,FF,R
"Yamamoto, Yoshinobu",808967,2026-07-19,823523,97.9,FF,R
"Yamamoto, Yoshinobu",808967,2026-07-19,823523,96.9,FF,R
"Yamamoto, Yoshinobu",808967,2026-07-19,823523,96.5,FF,R
"Yamamoto, Yoshinobu",808967,2026-07-19,823523,94.2,FF,R
"Yamamoto, Yoshinobu",808967,2026-07-19,823523,95.3,FF,R
"Yamamoto, Yoshinobu",808967,2026-07-19,823523,96.1,FF,R
"Yamamoto, Yoshinobu",808967,2026-07-19,823523,96.4,FF,R
"Yamamoto, Yoshinobu",808967,2026-07-19,823523,96.3,FF,R
"Yamamoto, Yoshinobu",808967,2026-07-19,823523,94.6,FF,R
"Yamamoto, Yoshinobu",808967,2026-07-19,823523,94.5,FF,R
"Yamamoto, Yoshinobu",808967,2026-07-19,823523,95.3,FF,R
"Yamamoto, Yoshinobu",808967,2026-07-19,823523,95.7,FF,R
"Abbott, Andrew",671096,2026-07-12,824491,92.7,FF,R
"Abbott, Andrew",671096,2026-07-12,824491,91.6,FF,R
"Abbott, Andrew",671096,2026-07-12,824491,91.6,FF,R
"Abbott, Andrew",671096,2026-07-12,824491,93.1,FF,R
"Abbott, Andrew",671096,2026-07-12,824491,91.8,FF,R
"Abbott, Andrew",671096,2026-07-12,824491,91.8,FF,R
"Abbott, Andrew",671096,2026-07-12,824491,90.3,FF,R
"Abbott, Andrew",671096,2026-07-12,824491,91.6,FF,R
"Abbott, Andrew",671096,2026-07-12,824491,90.5,FF,R
"Abbott, Andrew",671096,2026-07-12,824491,91.2,FF,R
"Abbott, Andrew",671096,2026-07-12,824491,90.7,FF,R
"Abbott, Andrew",671096,2026-07-12,824491,91.1,FF,R
"Abbott, Andrew",671096,2026-07-12,824491,90.6,FF,R
"Abbott, Andrew",671096,2026-07-12,824491,90.7,FF,R
"Abbott, Andrew",671096,2026-07-12,824491,92.4,FF,R
"Abbott, Andrew",671096,2026-07-12,824491,92.0,FF,R
"Abbott, Andrew",671096,2026-07-12,824491,91.5,FF,R
"Abbott, Andrew",671096,2026-07-12,824491,92.2,FF,R
"Abbott, Andrew",671096,2026-07-12,824491,92.0,FF,R
"Abbott, Andrew",671096,2026-07-12,824491,91.5,FF,R
"Abbott, Andrew",671096,2026-07-12,824491,91.3,FF,R
"Abbott, Andrew",671096,2026-07-12,824491,92.0,FF,R
"Abbott, Andrew",671096,2026-07-12,824491,90.8,FF,R
"Abbott, Andrew",671096,2026-07-12,824491,92.9,FF,R
"Abbott, Andrew",671096,2026-07-12,824491,92.7,FF,R
"Abbott, Andrew",671096,2026-07-12,824491,93.2,FF,R
"Abbott, Andrew",671096,2026-07-12,824491,92.6,FF,R
"Abbott, Andrew",671096,2026-07-12,824491,92.8,FF,R
"Abbott, Andrew",671096,2026-07-12,824491,92.9,FF,R
"Abbott, Andrew",671096,2026-07-12,824491,93.0,FF,R
"Abbott, Andrew",671096,2026-07-12,824491,93.0,FF,R
"Abbott, Andrew",671096,2026-07-12,824491,93.0,FF,R
"Abbott, Andrew",671096,2026-07-12,824491,91.7,FF,R
"Abbott, Andrew",671096,2026-07-12,824491,92.9,FF,R
"Abbott, Andrew",671096,2026-07-12,824491,92.6,FF,R
"Abbott, Andrew",671096,2026-07-12,824491,92.3,FF,R
"Abbott, Andrew",671096,2026-07-12,824491,92.0,FF,R
"Abbott, Andrew",671096,2026-07-12,824491,92.3,FF,R
"Abbott, Andrew",671096,2026-07-12,824491,90.9,FF,R
"Yamamoto, Yoshinobu",808967,2026-07-11,823926,95.1,FF,R
"Yamamoto, Yoshinobu",808967,2026-07-11,823926,92.6,FF,R
"Yamamoto, Yoshinobu",808967,2026-07-11,823926,96.5,FF,R
"Yamamoto, Yoshinobu",808967,2026-07-11,823926,96.3,FF,R
"Bibee, Tanner",676440,2026-07-11,823844,92.0,FF,R
"Yamamoto, Yoshinobu",808967,2026-07-11,823926,95.8,FF,R
"Bibee, Tanner",676440,2026-07-11,823844,92.7,FF,R
"Yamamoto, Yoshinobu",808967,2026-07-11,823926,95.2,FF,R
"Bibee, Tanner",676440,2026-07-11,823844,92.6,FF,R
"Yamamoto, Yoshinobu",808967,2026-07-11,823926,95.6,FF,R
"Bibee, Tanner",676440,2026-07-11,823844,93.9,FF,R
"Yamamoto, Yoshinobu",808967,2026-07-11,823926,95.5,FF,R
"Yamamoto, Yoshinobu",808967,2026-07-11,823926,95.4,FF,R
"Yamamoto, Yoshinobu",808967,2026-07-11,823926,95.1,FF,R
"Yamamoto, Yoshinobu",808967,2026-07-11,823926,96.2,FF,R
"Yamamoto, Yoshinobu",808967,2026-07-11,823926,96.2,FF,R
"Bibee, Tanner",676440,2026-07-11,823844,92.7,FF,R
"Yamamoto, Yoshinobu",808967,2026-07-11,823926,97.2,FF,R
"Bibee, Tanner",676440,2026-07-11,823844,93.5,FF,R
"Bibee, Tanner",676440,2026-07-11,823844,93.8,FF,R
"Bibee, Tanner",676440,2026-07-11,823844,93.6,FF,R
"Yamamoto, Yoshinobu",808967,2026-07-11,823926,97.0,FF,R
"Bibee, Tanner",676440,2026-07-11,823844,93.2,FF,R
"Yamamoto, Yoshinobu",808967,2026-07-11,823926,97.1,FF,R
"Bibee, Tanner",676440,2026-07-11,823844,95.0,FF,R
"Yamamoto, Yoshinobu",808967,2026-07-11,823926,95.5,FF,R
"Yamamoto, Yoshinobu",808967,2026-07-11,823926,96.6,FF,R
"Bibee, Tanner",676440,2026-07-11,823844,94.3,FF,R
"Bibee, Tanner",676440,2026-07-11,823844,94.3,FF,R
"Yamamoto, Yoshinobu",808967,2026-07-11,823926,97.4,FF,R
"Bibee, Tanner",676440,2026-07-11,823844,93.9,FF,R
"Bibee, Tanner",676440,2026-07-11,823844,93.0,FF,R
"Yamamoto, Yoshinobu",808967,2026-07-11,823926,96.9,FF,R
"Bibee, Tanner",676440,2026-07-11,823844,93.1,FF,R
"Yamamoto, Yoshinobu",808967,2026-07-11,823926,97.4,FF,R
"Bibee, Tanner",676440,2026-07-11,823844,94.6,FF,R
"Yamamoto, Yoshinobu",808967,2026-07-11,823926,96.7,FF,R
"Bibee, Tanner",676440,2026-07-11,823844,92.8,FF,R
"Yamamoto, Yoshinobu",808967,2026-07-11,823926,96.6,FF,R
"Bibee, Tanner",676440,2026-07-11,823844,94.1,FF,R
"Bibee, Tanner",676440,2026-07-11,823844,94.5,FF,R
"Bibee, Tanner",676440,2026-07-11,823844,93.7,FF,R
"Yamamoto, Yoshinobu",808967,2026-07-11,823926,96.2,FF,R
"Yamamoto, Yoshinobu",808967,2026-07-11,823926,95.8,FF,R
"Bibee, Tanner",676440,2026-07-11,823844,95.5,FF,R
"Bibee, Tanner",676440,2026-07-11,823844,94.7,FF,R
"Bibee, Tanner",676440,2026-07-11,823844,93.8,FF,R
"Yamamoto, Yoshinobu",808967,2026-07-11,823926,95.7,FF,R
"Abbott, Andrew",671096,2026-07-07,824495,92.1,FF,R
"Abbott, Andrew",671096,2026-07-07,824495,91.8,FF,R
"Abbott, Andrew",671096,2026-07-07,824495,90.5,FF,R
"Abbott, Andrew",671096,2026-07-07,824495,92.8,FF,R
"Abbott, Andrew",671096,2026-07-07,824495,92.8,FF,R
"Abbott, Andrew",671096,2026-07-07,824495,92.1,FF,R
"Abbott, Andrew",671096,2026-07-07,824495,92.3,FF,R
"Abbott, Andrew",671096,2026-07-07,824495,92.8,FF,R
"Abbott, Andrew",671096,2026-07-07,824495,92.1,FF,R
"Abbott, Andrew",671096,2026-07-07,824495,91.1,FF,R
"Abbott, Andrew",671096,2026-07-07,824495,91.6,FF,R
"Abbott, Andrew",671096,2026-07-07,824495,91.8,FF,R
"Abbott, Andrew",671096,2026-07-07,824495,92.2,FF,R
"Abbott, Andrew",671096,2026-07-07,824495,91.6,FF,R
"Abbott, Andrew",671096,2026-07-07,824495,92.1,FF,R
"Abbott, Andrew",671096,2026-07-07,824495,92.1,FF,R
"Abbott, Andrew",671096,2026-07-07,824495,92.0,FF,R
"Abbott, Andrew",671096,2026-07-07,824495,92.1,FF,R
"Abbott, Andrew",671096,2026-07-07,824495,93.1,FF,R
"Abbott, Andrew",671096,2026-07-07,824495,92.4,FF,R
"Abbott, Andrew",671096,2026-07-07,824495,92.2,FF,R
"Abbott, Andrew",671096,2026-07-07,824495,92.3,FF,R
"Abbott, Andrew",671096,2026-07-07,824495,92.7,FF,R
"Abbott, Andrew",671096,2026-07-07,824495,93.2,FF,R
"Abbott, Andrew",671096,2026-07-07,824495,92.5,FF,R
"Abbott, Andrew",671096,2026-07-07,824495,92.5,FF,R
"Abbott, Andrew",671096,2026-07-07,824495,92.2,FF,R
"Abbott, Andrew",671096,2026-07-07,824495,91.7,FF,R
"Abbott, Andrew",671096,2026-07-07,824495,92.7,FF,R
"Abbott, Andrew",671096,2026-07-07,824495,91.6,FF,R
"Abbott, Andrew",671096,2026-07-07,824495,92.0,FF,R
"Abbott, Andrew",671096,2026-07-07,824495,92.7,FF,R
"Abbott, Andrew",671096,2026-07-07,824495,93.2,FF,R
"Abbott, Andrew",671096,2026-07-07,824495,92.7,FF,R
"Abbott, Andrew",671096,2026-07-07,824495,92.0,FF,R
"Abbott, Andrew",671096,2026-07-07,824495,92.2,FF,R
"Bibee, Tanner",676440,2026-07-05,824413,93.6,FF,R
"Bibee, Tanner",676440,2026-07-05,824413,92.1,FF,R
"Bibee, Tanner",676440,2026-07-05,824413,94.2,FF,R
"Bibee, Tanner",676440,2026-07-05,824413,94.6,FF,R
"Bibee, Tanner",676440,2026-07-05,824413,93.5,FF,R
"Bibee, Tanner",676440,2026-07-05,824413,94.9,FF,R
"Bibee, Tanner",676440,2026-07-05,824413,94.9,FF,R
"Bibee, Tanner",676440,2026-07-05,824413,95.4,FF,R
"Bibee, Tanner",676440,2026-07-05,824413,95.1,FF,R
"Bibee, Tanner",676440,2026-07-05,824413,95.3,FF,R
"Bibee, Tanner",676440,2026-07-05,824413,95.8,FF,R
"Yamamoto, Yoshinobu",808967,2026-07-04,823932,97.4,FF,R
"Yamamoto, Yoshinobu",808967,2026-07-04,823932,97.2,FF,R
"Yamamoto, Yoshinobu",808967,2026-07-04,823932,97.0,FF,R
"Yamamoto, Yoshinobu",808967,2026-07-04,823932,96.5,FF,R
"Yamamoto, Yoshinobu",808967,2026-07-04,823932,95.7,FF,R
"Yamamoto, Yoshinobu",808967,2026-07-04,823932,96.3,FF,R
"Yamamoto, Yoshinobu",808967,2026-07-04,823932,96.8,FF,R
"Yamamoto, Yoshinobu",808967,2026-07-04,823932,96.5,FF,R
"Yamamoto, Yoshinobu",808967,2026-07-04,823932,97.9,FF,R
"Yamamoto, Yoshinobu",808967,2026-07-04,823932,97.6,FF,R
"Yamamoto, Yoshinobu",808967,2026-07-04,823932,97.5,FF,R
"Yamamoto, Yoshinobu",808967,2026-07-04,823932,97.0,FF,R
"Yamamoto, Yoshinobu",808967,2026-07-04,823932,98.2,FF,R
"Yamamoto, Yoshinobu",808967,2026-07-04,823932,96.6,FF,R
"Yamamoto, Yoshinobu",808967,2026-07-04,823932,97.6,FF,R
"Yamamoto, Yoshinobu",808967,2026-07-04,823932,96.4,FF,R
"Yamamoto, Yoshinobu",808967,2026-07-04,823932,96.2,FF,R
"Yamamoto, Yoshinobu",808967,2026-07-04,823932,96.2,FF,R
"Yamamoto, Yoshinobu",808967,2026-07-04,823932,96.7,FF,R
"Yamamoto, Yoshinobu",808967,2026-07-04,823932,97.0,FF,R
"Yamamoto, Yoshinobu",808967,2026-07-04,823932,97.1,FF,R
"Yamamoto, Yoshinobu",808967,2026-07-04,823932,97.0,FF,R
"Yamamoto, Yoshinobu",808967,2026-07-04,823932,95.8,FF,R
"Yamamoto, Yoshinobu",808967,2026-07-04,823932,97.6,FF,R
"Yamamoto, Yoshinobu",808967,2026-07-04,823932,96.9,FF,R
"Yamamoto, Yoshinobu",808967,2026-07-04,823932,96.9,FF,R
"Abbott, Andrew",671096,2026-07-01,823767,91.6,FF,R
"Abbott, Andrew",671096,2026-07-01,823767,91.7,FF,R
"Abbott, Andrew",671096,2026-07-01,823767,91.4,FF,R
"Abbott, Andrew",671096,2026-07-01,823767,90.9,FF,R
"Abbott, Andrew",671096,2026-07-01,823767,92.1,FF,R
"Abbott, Andrew",671096,2026-07-01,823767,91.1,FF,R
"Abbott, Andrew",671096,2026-07-01,823767,91.5,FF,R
"Abbott, Andrew",671096,2026-07-01,823767,91.9,FF,R
"Abbott, Andrew",671096,2026-07-01,823767,89.2,FF,R
"Abbott, Andrew",671096,2026-07-01,823767,90.5,FF,R
"Abbott, Andrew",671096,2026-07-01,823767,90.6,FF,R
"Abbott, Andrew",671096,2026-07-01,823767,92.7,FF,R
"Abbott, Andrew",671096,2026-07-01,823767,91.9,FF,R
"Abbott, Andrew",671096,2026-07-01,823767,92.0,FF,R
"Abbott, Andrew",671096,2026-07-01,823767,91.7,FF,R
"Abbott, Andrew",671096,2026-07-01,823767,92.5,FF,R
"Abbott, Andrew",671096,2026-07-01,823767,91.6,FF,R
"Abbott, Andrew",671096,2026-07-01,823767,91.0,FF,R
"Abbott, Andrew",671096,2026-07-01,823767,93.7,FF,R
"Abbott, Andrew",671096,2026-07-01,823767,93.8,FF,R
"Abbott, Andrew",671096,2026-07-01,823767,93.4,FF,R
"Abbott, Andrew",671096,2026-07-01,823767,92.2,FF,R
"Abbott, Andrew",671096,2026-07-01,823767,93.7,FF,R
"Abbott, Andrew",671096,2026-07-01,823767,93.7,FF,R
"Abbott, Andrew",671096,2026-07-01,823767,92.6,FF,R
"Abbott, Andrew",671096,2026-07-01,823767,92.7,FF,R
"Abbott, Andrew",671096,2026-07-01,823767,92.7,FF,R
"Abbott, Andrew",671096,2026-07-01,823767,93.2,FF,R
"Abbott, Andrew",671096,2026-07-01,823767,93.3,FF,R
"Abbott, Andrew",671096,2026-07-01,823767,92.9,FF,R
"Abbott, Andrew",671096,2026-07-01,823767,91.7,FF,R
"Abbott, Andrew",671096,2026-07-01,823767,92.1,FF,R
"Abbott, Andrew",671096,2026-07-01,823767,92.6,FF,R
"Abbott, Andrew",671096,2026-07-01,823767,92.4,FF,R
"Abbott, Andrew",671096,2026-07-01,823767,93.2,FF,R
"Abbott, Andrew",671096,2026-07-01,823767,92.9,FF,R
"Abbott, Andrew",671096,2026-07-01,823767,93.5,FF,R
"Abbott, Andrew",671096,2026-07-01,823767,93.1,FF,R
"Abbott, Andrew",671096,2026-07-01,823767,93.7,FF,R
"Abbott, Andrew",671096,2026-07-01,823767,92.4,FF,R
"Abbott, Andrew",671096,2026-07-01,823767,92.7,FF,R
"Abbott, Andrew",671096,2026-07-01,823767,93.0,FF,R
"Abbott, Andrew",671096,2026-07-01,823767,92.6,FF,R
"Abbott, Andrew",671096,2026-07-01,823767,92.0,FF,R
"Bibee, Tanner",676440,2026-06-30,824418,93.8,FF,R
"Bibee, Tanner",676440,2026-06-30,824418,93.2,FF,R
"Bibee, Tanner",676440,2026-06-30,824418,92.7,FF,R
"Bibee, Tanner",676440,2026-06-30,824418,93.4,FF,R
"Bibee, Tanner",676440,2026-06-30,824418,94.2,FF,R
"Bibee, Tanner",676440,2026-06-30,824418,93.6,FF,R
"Bibee, Tanner",676440,2026-06-30,824418,92.3,FF,R
"Bibee, Tanner",676440,2026-06-30,824418,93.0,FF,R
"Bibee, Tanner",676440,2026-06-30,824418,91.3,FF,R
"Bibee, Tanner",676440,2026-06-30,824418,93.4,FF,R
"Bibee, Tanner",676440,2026-06-30,824418,93.8,FF,R
"Bibee, Tanner",676440,2026-06-30,824418,93.4,FF,R
"Bibee, Tanner",676440,2026-06-30,824418,93.5,FF,R
"Bibee, Tanner",676440,2026-06-30,824418,93.4,FF,R
"Yamamoto, Yoshinobu",808967,2026-06-27,823283,96.8,FF,R
"Yamamoto, Yoshinobu",808967,2026-06-27,823283,95.8,FF,R
"Yamamoto, Yoshinobu",808967,2026-06-27,823283,95.6,FF,R
"Yamamoto, Yoshinobu",808967,2026-06-27,823283,96.5,FF,R
"Yamamoto, Yoshinobu",808967,2026-06-27,823283,95.9,FF,R
"Yamamoto, Yoshinobu",808967,2026-06-27,823283,96.3,FF,R
"Yamamoto, Yoshinobu",808967,2026-06-27,823283,96.3,FF,R
"Yamamoto, Yoshinobu",808967,2026-06-27,823283,96.1,FF,R
"Yamamoto, Yoshinobu",808967,2026-06-27,823283,95.8,FF,R
"Yamamoto, Yoshinobu",808967,2026-06-27,823283,96.7,FF,R
"Yamamoto, Yoshinobu",808967,2026-06-27,823283,95.3,FF,R
"Yamamoto, Yoshinobu",808967,2026-06-27,823283,96.3,FF,R
"Yamamoto, Yoshinobu",808967,2026-06-27,823283,96.2,FF,R
"Yamamoto, Yoshinobu",808967,2026-06-27,823283,95.9,FF,R
"Yamamoto, Yoshinobu",808967,2026-06-27,823283,96.2,FF,R
"Abbott, Andrew",671096,2026-06-26,823363,92.6,FF,R
"Abbott, Andrew",671096,2026-06-26,823363,92.5,FF,R
"Abbott, Andrew",671096,2026-06-26,823363,92.8,FF,R
"Abbott, Andrew",671096,2026-06-26,823363,92.1,FF,R
"Abbott, Andrew",671096,2026-06-26,823363,91.9,FF,R
"Abbott, Andrew",671096,2026-06-26,823363,93.0,FF,R
"Abbott, Andrew",671096,2026-06-26,823363,92.7,FF,R
"Abbott, Andrew",671096,2026-06-26,823363,93.7,FF,R
"Abbott, Andrew",671096,2026-06-26,823363,92.4,FF,R
"Abbott, Andrew",671096,2026-06-26,823363,92.8,FF,R
"Abbott, Andrew",671096,2026-06-26,823363,91.1,FF,R
"Abbott, Andrew",671096,2026-06-26,823363,93.8,FF,R
"Abbott, Andrew",671096,2026-06-26,823363,93.2,FF,R
"Abbott, Andrew",671096,2026-06-26,823363,92.9,FF,R
"Abbott, Andrew",671096,2026-06-26,823363,92.8,FF,R
"Abbott, Andrew",671096,2026-06-26,823363,93.6,FF,R
"Abbott, Andrew",671096,2026-06-26,823363,93.4,FF,R
"Abbott, Andrew",671096,2026-06-26,823363,92.3,FF,R
"Abbott, Andrew",671096,2026-06-26,823363,92.6,FF,R
"Abbott, Andrew",671096,2026-06-26,823363,91.9,FF,R
"Abbott, Andrew",671096,2026-06-26,823363,93.0,FF,R
"Abbott, Andrew",671096,2026-06-26,823363,92.4,FF,R
"Abbott, Andrew",671096,2026-06-26,823363,93.3,FF,R
"Abbott, Andrew",671096,2026-06-26,823363,92.7,FF,R
"Abbott, Andrew",671096,2026-06-26,823363,92.5,FF,R
"Abbott, Andrew",671096,2026-06-26,823363,93.2,FF,R
"Abbott, Andrew",671096,2026-06-26,823363,91.6,FF,R
"Abbott, Andrew",671096,2026-06-26,823363,92.3,FF,R
"Abbott, Andrew",671096,2026-06-26,823363,90.5,FF,R
"Abbott, Andrew",671096,2026-06-26,823363,93.2,FF,R
"Abbott, Andrew",671096,2026-06-26,823363,93.3,FF,R
"Abbott, Andrew",671096,2026-06-26,823363,92.8,FF,R
"Abbott, Andrew",671096,2026-06-26,823363,92.1,FF,R
"Abbott, Andrew",671096,2026-06-26,823363,91.5,FF,R
"Abbott, Andrew",671096,2026-06-26,823363,91.6,FF,R
"Bibee, Tanner",676440,2026-06-24,824583,93.3,FF,R
"Bibee, Tanner",676440,2026-06-24,824583,93.4,FF,R
"Bibee, Tanner",676440,2026-06-24,824583,93.8,FF,R
"Bibee, Tanner",676440,2026-06-24,824583,94.0,FF,R
"Bibee, Tanner",676440,2026-06-24,824583,93.9,FF,R
"Bibee, Tanner",676440,2026-06-24,824583,92.7,FF,R
"Bibee, Tanner",676440,2026-06-24,824583,94.2,FF,R
"Bibee, Tanner",676440,2026-06-24,824583,93.3,FF,R
"Bibee, Tanner",676440,2026-06-24,824583,94.5,FF,R
"Bibee, Tanner",676440,2026-06-24,824583,94.0,FF,R
"Bibee, Tanner",676440,2026-06-24,824583,94.3,FF,R
"Bibee, Tanner",676440,2026-06-24,824583,94.2,FF,R
"Bibee, Tanner",676440,2026-06-24,824583,93.6,FF,R
"Bibee, Tanner",676440,2026-06-24,824583,94.6,FF,R
"Bibee, Tanner",676440,2026-06-24,824583,94.3,FF,R
"Bibee, Tanner",676440,2026-06-24,824583,93.3,FF,R
"Yamamoto, Yoshinobu",808967,2026-06-20,823937,96.5,FF,R
"Yamamoto, Yoshinobu",808967,2026-06-20,823937,97.0,FF,R
"Abbott, Andrew",671096,2026-06-20,823532,92.6,FF,R
"Yamamoto, Yoshinobu",808967,2026-06-20,823937,96.4,FF,R
"Abbott, Andrew",671096,2026-06-20,823532,92.9,FF,R
"Abbott, Andrew",671096,2026-06-20,823532,92.8,FF,R
"Abbott, Andrew",671096,2026-06-20,823532,91.7,FF,R
"Abbott, Andrew",671096,2026-06-20,823532,92.9,FF,R
"Abbott, Andrew",671096,2026-06-20,823532,92.5,FF,R
"Yamamoto, Yoshinobu",808967,2026-06-20,823937,95.9,FF,R
"Yamamoto, Yoshinobu",808967,2026-06-20,823937,96.3,FF,R
"Yamamoto, Yoshinobu",808967,2026-06-20,823937,95.9,FF,R
"Yamamoto, Yoshinobu",808967,2026-06-20,823937,95.8,FF,R
"Abbott, Andrew",671096,2026-06-20,823532,92.1,FF,R
"Abbott, Andrew",671096,2026-06-20,823532,93.1,FF,R
"Yamamoto, Yoshinobu",808967,2026-06-20,823937,95.2,FF,R
"Abbott, Andrew",671096,2026-06-20,823532,93.1,FF,R
"Abbott, Andrew",671096,2026-06-20,823532,93.3,FF,R
"Yamamoto, Yoshinobu",808967,2026-06-20,823937,97.9,FF,R
"Abbott, Andrew",671096,2026-06-20,823532,91.3,FF,R
"Abbott, Andrew",671096,2026-06-20,823532,93.7,FF,R
"Abbott, Andrew",671096,2026-06-20,823532,92.6,FF,R
"Abbott, Andrew",671096,2026-06-20,823532,93.4,FF,R
"Abbott, Andrew",671096,2026-06-20,823532,93.0,FF,R
"Yamamoto, Yoshinobu",808967,2026-06-20,823937,97.3,FF,R
"Abbott, Andrew",671096,2026-06-20,823532,92.2,FF,R
"Abbott, Andrew",671096,2026-06-20,823532,93.5,FF,R
"Abbott, Andrew",671096,2026-06-20,823532,93.8,FF,R
"Abbott, Andrew",671096,2026-06-20,823532,93.5,FF,R
"Yamamoto, Yoshinobu",808967,2026-06-20,823937,97.0,FF,R
"Yamamoto, Yoshinobu",808967,2026-06-20,823937,95.6,FF,R
"Yamamoto, Yoshinobu",808967,2026-06-20,823937,96.4,FF,R
"Yamamoto, Yoshinobu",808967,2026-06-20,823937,96.3,FF,R
"Abbott, Andrew",671096,2026-06-20,823532,92.0,FF,R
"Abbott, Andrew",671096,2026-06-20,823532,93.2,FF,R
"Abbott, Andrew",671096,2026-06-20,823532,93.4,FF,R
"Abbott, Andrew",671096,2026-06-20,823532,92.9,FF,R
"Abbott, Andrew",671096,2026-06-20,823532,92.7,FF,R
"Abbott, Andrew",671096,2026-06-20,823532,92.5,FF,R
"Yamamoto, Yoshinobu",808967,2026-06-20,823937,96.8,FF,R
"Abbott, Andrew",671096,2026-06-20,823532,92.6,FF,R
"Abbott, Andrew",671096,2026-06-20,823532,92.7,FF,R
"Abbott, Andrew",671096,2026-06-20,823532,93.0,FF,R
"Abbott, Andrew",671096,2026-06-20,823532,92.6,FF,R
"Yamamoto, Yoshinobu",808967,2026-06-20,823937,97.7,FF,R
"Abbott, Andrew",671096,2026-06-20,823532,93.3,FF,R
"Abbott, Andrew",671096,2026-06-20,823532,94.0,FF,R
"Abbott, Andrew",671096,2026-06-20,823532,92.6,FF,R
"Yamamoto, Yoshinobu",808967,2026-06-20,823937,96.5,FF,R
"Abbott, Andrew",671096,2026-06-20,823532,92.5,FF,R
"Abbott, Andrew",671096,2026-06-20,823532,93.1,FF,R
"Yamamoto, Yoshinobu",808967,2026-06-20,823937,95.8,FF,R
"Yamamoto, Yoshinobu",808967,2026-06-20,823937,96.1,FF,R
"Yamamoto, Yoshinobu",808967,2026-06-20,823937,97.5,FF,R
"Abbott, Andrew",671096,2026-06-20,823532,92.9,FF,R
"Abbott, Andrew",671096,2026-06-20,823532,93.5,FF,R
"Yamamoto, Yoshinobu",808967,2026-06-20,823937,96.6,FF,R
"Abbott, Andrew",671096,2026-06-20,823532,93.4,FF,R
"Yamamoto, Yoshinobu",808967,2026-06-20,823937,95.8,FF,R
"Yamamoto, Yoshinobu",808967,2026-06-20,823937,96.2,FF,R
"Abbott, Andrew",671096,2026-06-20,823532,93.2,FF,R
"Abbott, Andrew",671096,2026-06-20,823532,93.6,FF,R
"Yamamoto, Yoshinobu",808967,2026-06-20,823937,96.4,FF,R
"Abbott, Andrew",671096,2026-06-20,823532,92.4,FF,R
"Bibee, Tanner",676440,2026-06-19,824179,93.6,FF,R
"Bibee, Tanner",676440,2026-06-19,824179,92.7,FF,R
"Bibee, Tanner",676440,2026-06-19,824179,93.4,FF,R
"Bibee, Tanner",676440,2026-06-19,824179,94.0,FF,R
"Bibee, Tanner",676440,2026-06-19,824179,92.9,FF,R
"Bibee, Tanner",676440,2026-06-19,824179,94.0,FF,R
"Bibee, Tanner",676440,2026-06-19,824179,94.3,FF,R
"Bibee, Tanner",676440,2026-06-19,824179,94.0,FF,R
"Bibee, Tanner",676440,2026-06-19,824179,92.7,FF,R
"Bibee, Tanner",676440,2026-06-19,824179,93.6,FF,R
"Bibee, Tanner",676440,2026-06-19,824179,93.7,FF,R
"Bibee, Tanner",676440,2026-06-19,824179,94.3,FF,R
"Bibee, Tanner",676440,2026-06-19,824179,93.5,FF,R
"Bibee, Tanner",676440,2026-06-19,824179,94.0,FF,R
"Abbott, Andrew",671096,2026-06-14,824506,91.6,FF,R
"Abbott, Andrew",671096,2026-06-14,824506,93.0,FF,R
"Abbott, Andrew",671096,2026-06-14,824506,92.4,FF,R
"Abbott, Andrew",671096,2026-06-14,824506,92.1,FF,R
"Abbott, Andrew",671096,2026-06-14,824506,91.6,FF,R
"Abbott, Andrew",671096,2026-06-14,824506,91.9,FF,R
"Abbott, Andrew",671096,2026-06-14,824506,91.4,FF,R
"Abbott, Andrew",671096,2026-06-14,824506,90.9,FF,R
"Abbott, Andrew",671096,2026-06-14,824506,91.9,FF,R
"Abbott, Andrew",671096,2026-06-14,824506,92.8,FF,R
"Abbott, Andrew",671096,2026-06-14,824506,91.8,FF,R
"Abbott, Andrew",671096,2026-06-14,824506,93.3,FF,R
"Abbott, Andrew",671096,2026-06-14,824506,92.1,FF,R
"Abbott, Andrew",671096,2026-06-14,824506,92.6,FF,R
"Abbott, Andrew",671096,2026-06-14,824506,92.2,FF,R
"Abbott, Andrew",671096,2026-06-14,824506,92.6,FF,R
"Abbott, Andrew",671096,2026-06-14,824506,92.2,FF,R
"Abbott, Andrew",671096,2026-06-14,824506,92.2,FF,R
"Abbott, Andrew",671096,2026-06-14,824506,92.5,FF,R
"Abbott, Andrew",671096,2026-06-14,824506,91.6,FF,R
"Abbott, Andrew",671096,2026-06-14,824506,93.0,FF,R
"Abbott, Andrew",671096,2026-06-14,824506,92.9,FF,R
"Abbott, Andrew",671096,2026-06-14,824506,92.3,FF,R
"Abbott, Andrew",671096,2026-06-14,824506,92.5,FF,R
"Abbott, Andrew",671096,2026-06-14,824506,91.9,FF,R
"Abbott, Andrew",671096,2026-06-14,824506,91.9,FF,R
"Abbott, Andrew",671096,2026-06-14,824506,91.1,FF,R
"Abbott, Andrew",671096,2026-06-14,824506,92.4,FF,R
"Abbott, Andrew",671096,2026-06-14,824506,90.6,FF,R
"Abbott, Andrew",671096,2026-06-14,824506,92.9,FF,R
"Abbott, Andrew",671096,2026-06-14,824506,93.2,FF,R
"Abbott, Andrew",671096,2026-06-14,824506,93.4,FF,R
"Abbott, Andrew",671096,2026-06-14,824506,92.3,FF,R
"Abbott, Andrew",671096,2026-06-14,824506,92.0,FF,R
"Abbott, Andrew",671096,2026-06-14,824506,92.0,FF,R
"Abbott, Andrew",671096,2026-06-14,824506,91.7,FF,R
"Abbott, Andrew",671096,2026-06-14,824506,92.5,FF,R
"Abbott, Andrew",671096,2026-06-14,824506,93.3,FF,R
"Abbott, Andrew",671096,2026-06-14,824506,93.3,FF,R
"Abbott, Andrew",671096,2026-06-14,824506,93.7,FF,R
"Abbott, Andrew",671096,2026-06-14,824506,92.9,FF,R
"Abbott, Andrew",671096,2026-06-14,824506,93.6,FF,R
"Abbott, Andrew",671096,2026-06-14,824506,93.8,FF,R
"Abbott, Andrew",671096,2026-06-14,824506,92.5,FF,R
"Abbott, Andrew",671096,2026-06-14,824506,92.4,FF,R
"Yamamoto, Yoshinobu",808967,2026-06-13,824587,95.6,FF,R
"Yamamoto, Yoshinobu",808967,2026-06-13,824587,96.6,FF,R
"Yamamoto, Yoshinobu",808967,2026-06-13,824587,96.2,FF,R
"Yamamoto, Yoshinobu",808967,2026-06-13,824587,96.0,FF,R
"Yamamoto, Yoshinobu",808967,2026-06-13,824587,96.4,FF,R
"Yamamoto, Yoshinobu",808967,2026-06-13,824587,97.2,FF,R
"Yamamoto, Yoshinobu",808967,2026-06-13,824587,98.0,FF,R
"Yamamoto, Yoshinobu",808967,2026-06-13,824587,97.6,FF,R
"Yamamoto, Yoshinobu",808967,2026-06-13,824587,97.2,FF,R
"Yamamoto, Yoshinobu",808967,2026-06-13,824587,96.9,FF,R
"Yamamoto, Yoshinobu",808967,2026-06-13,824587,96.6,FF,R
"Yamamoto, Yoshinobu",808967,2026-06-13,824587,98.2,FF,R
"Yamamoto, Yoshinobu",808967,2026-06-13,824587,97.3,FF,R
"Yamamoto, Yoshinobu",808967,2026-06-13,824587,96.4,FF,R
"Yamamoto, Yoshinobu",808967,2026-06-13,824587,95.0,FF,R
"Yamamoto, Yoshinobu",808967,2026-06-13,824587,97.2,FF,R
"Yamamoto, Yoshinobu",808967,2026-06-13,824587,97.1,FF,R
"Yamamoto, Yoshinobu",808967,2026-06-13,824587,96.9,FF,R
"Yamamoto, Yoshinobu",808967,2026-06-13,824587,96.7,FF,R
"Yamamoto, Yoshinobu",808967,2026-06-13,824587,96.9,FF,R
"Yamamoto, Yoshinobu",808967,2026-06-13,824587,97.0,FF,R
"Yamamoto, Yoshinobu",808967,2026-06-13,824587,96.9,FF,R
"Yamamoto, Yoshinobu",808967,2026-06-13,824587,95.9,FF,R
"Yamamoto, Yoshinobu",808967,2026-06-13,824587,97.1,FF,R
"Yamamoto, Yoshinobu",808967,2026-06-13,824587,98.0,FF,R
"Yamamoto, Yoshinobu",808967,2026-06-13,824587,97.3,FF,R
"Yamamoto, Yoshinobu",808967,2026-06-13,824587,96.8,FF,R
"Yamamoto, Yoshinobu",808967,2026-06-13,824587,97.6,FF,R
"Yamamoto, Yoshinobu",808967,2026-06-13,824587,96.9,FF,R
"Yamamoto, Yoshinobu",808967,2026-06-13,824587,97.3,FF,R
"Yamamoto, Yoshinobu",808967,2026-06-13,824587,97.2,FF,R
"Yamamoto, Yoshinobu",808967,2026-06-13,824587,97.2,FF,R
"Yamamoto, Yoshinobu",808967,2026-06-13,824587,96.7,FF,R
"Yamamoto, Yoshinobu",808967,2026-06-13,824587,95.0,FF,R
"Yamamoto, Yoshinobu",808967,2026-06-13,824587,98.0,FF,R
"Yamamoto, Yoshinobu",808967,2026-06-13,824587,97.6,FF,R
"Yamamoto, Yoshinobu",808967,2026-06-13,824587,95.3,FF,R
"Yamamoto, Yoshinobu",808967,2026-06-13,824587,98.3,FF,R
"Yamamoto, Yoshinobu",808967,2026-06-13,824587,96.4,FF,R
"Yamamoto, Yoshinobu",808967,2026-06-13,824587,97.2,FF,R
"Yamamoto, Yoshinobu",808967,2026-06-13,824587,96.3,FF,R
"Bibee, Tanner",676440,2026-06-12,824425,94.3,FF,R
"Bibee, Tanner",676440,2026-06-12,824425,94.0,FF,R
"Bibee, Tanner",676440,2026-06-12,824425,94.1,FF,R
"Bibee, Tanner",676440,2026-06-12,824425,94.1,FF,R
"Bibee, Tanner",676440,2026-06-12,824425,92.6,FF,R
"Bibee, Tanner",676440,2026-06-12,824425,93.1,FF,R
"Bibee, Tanner",676440,2026-06-12,824425,93.9,FF,R
"Bibee, Tanner",676440,2026-06-12,824425,95.8,FF,R
"Bibee, Tanner",676440,2026-06-12,824425,94.5,FF,R
"Bibee, Tanner",676440,2026-06-12,824425,94.0,FF,R
"Bibee, Tanner",676440,2026-06-12,824425,93.4,FF,R
"Bibee, Tanner",676440,2026-06-12,824425,95.6,FF,R
"Bibee, Tanner",676440,2026-06-12,824425,95.2,FF,R
"Bibee, Tanner",676440,2026-06-12,824425,93.5,FF,R
"Bibee, Tanner",676440,2026-06-12,824425,94.9,FF,R
"Bibee, Tanner",676440,2026-06-12,824425,94.7,FF,R
"Abbott, Andrew",671096,2026-06-08,823289,92.2,FF,R
"Abbott, Andrew",671096,2026-06-08,823289,92.0,FF,R
"Abbott, Andrew",671096,2026-06-08,823289,91.4,FF,R
"Abbott, Andrew",671096,2026-06-08,823289,92.3,FF,R
"Abbott, Andrew",671096,2026-06-08,823289,90.8,FF,R
"Abbott, Andrew",671096,2026-06-08,823289,93.0,FF,R
"Abbott, Andrew",671096,2026-06-08,823289,93.7,FF,R
"Abbott, Andrew",671096,2026-06-08,823289,92.5,FF,R
"Abbott, Andrew",671096,2026-06-08,823289,93.3,FF,R
"Abbott, Andrew",671096,2026-06-08,823289,93.0,FF,R
"Abbott, Andrew",671096,2026-06-08,823289,92.4,FF,R
"Abbott, Andrew",671096,2026-06-08,823289,90.9,FF,R
"Abbott, Andrew",671096,2026-06-08,823289,92.7,FF,R
"Abbott, Andrew",671096,2026-06-08,823289,92.0,FF,R
"Abbott, Andrew",671096,2026-06-08,823289,92.6,FF,R
"Abbott, Andrew",671096,2026-06-08,823289,92.6,FF,R
"Abbott, Andrew",671096,2026-06-08,823289,92.4,FF,R
"Abbott, Andrew",671096,2026-06-08,823289,92.6,FF,R
"Abbott, Andrew",671096,2026-06-08,823289,91.9,FF,R
"Abbott, Andrew",671096,2026-06-08,823289,91.8,FF,R
"Abbott, Andrew",671096,2026-06-08,823289,91.0,FF,R
"Abbott, Andrew",671096,2026-06-08,823289,91.1,FF,R
"Abbott, Andrew",671096,2026-06-08,823289,90.7,FF,R
"Abbott, Andrew",671096,2026-06-08,823289,91.7,FF,R
"Abbott, Andrew",671096,2026-06-08,823289,92.2,FF,R
"Abbott, Andrew",671096,2026-06-08,823289,91.4,FF,R
"Abbott, Andrew",671096,2026-06-08,823289,92.8,FF,R
"Abbott, Andrew",671096,2026-06-08,823289,92.2,FF,R
"Abbott, Andrew",671096,2026-06-08,823289,92.9,FF,R
"Abbott, Andrew",671096,2026-06-08,823289,93.6,FF,R
"Abbott, Andrew",671096,2026-06-08,823289,93.0,FF,R
"Abbott, Andrew",671096,2026-06-08,823289,92.7,FF,R
"Abbott, Andrew",671096,2026-06-08,823289,92.6,FF,R
"Abbott, Andrew",671096,2026-06-08,823289,93.2,FF,R
"Abbott, Andrew",671096,2026-06-08,823289,92.6,FF,R
"Abbott, Andrew",671096,2026-06-08,823289,92.6,FF,R
"Abbott, Andrew",671096,2026-06-08,823289,92.9,FF,R
"Abbott, Andrew",671096,2026-06-08,823289,92.7,FF,R
"Abbott, Andrew",671096,2026-06-08,823289,93.3,FF,R
"Abbott, Andrew",671096,2026-06-08,823289,93.5,FF,R
"Abbott, Andrew",671096,2026-06-08,823289,92.4,FF,R
"Abbott, Andrew",671096,2026-06-08,823289,92.9,FF,R
"Abbott, Andrew",671096,2026-06-08,823289,92.7,FF,R
"Abbott, Andrew",671096,2026-06-08,823289,92.7,FF,R
"Abbott, Andrew",671096,2026-06-08,823289,92.6,FF,R
"Abbott, Andrew",671096,2026-06-08,823289,92.3,FF,R
"Abbott, Andrew",671096,2026-06-08,823289,93.6,FF,R
"Abbott, Andrew",671096,2026-06-08,823289,93.0,FF,R
"Abbott, Andrew",671096,2026-06-08,823289,92.9,FF,R
"Abbott, Andrew",671096,2026-06-08,823289,92.5,FF,R
"Abbott, Andrew",671096,2026-06-08,823289,91.8,FF,R
"Abbott, Andrew",671096,2026-06-08,823289,92.2,FF,R
"Yamamoto, Yoshinobu",808967,2026-06-06,823942,96.1,FF,R
"Yamamoto, Yoshinobu",808967,2026-06-06,823942,95.5,FF,R
"Yamamoto, Yoshinobu",808967,2026-06-06,823942,95.9,FF,R
"Yamamoto, Yoshinobu",808967,2026-06-06,823942,93.5,FF,R
"Yamamoto, Yoshinobu",808967,2026-06-06,823942,95.8,FF,R
"Bibee, Tanner",676440,2026-06-06,822891,94.2,FF,R
"Yamamoto, Yoshinobu",808967,2026-06-06,823942,94.8,FF,R
"Yamamoto, Yoshinobu",808967,2026-06-06,823942,94.7,FF,R
"Yamamoto, Yoshinobu",808967,2026-06-06,823942,95.5,FF,R
"Yamamoto, Yoshinobu",808967,2026-06-06,823942,95.8,FF,R
"Yamamoto, Yoshinobu",808967,2026-06-06,823942,95.1,FF,R
"Yamamoto, Yoshinobu",808967,2026-06-06,823942,96.1,FF,R
"Yamamoto, Yoshinobu",808967,2026-06-06,823942,94.8,FF,R
"Yamamoto, Yoshinobu",808967,2026-06-06,823942,95.1,FF,R
"Bibee, Tanner",676440,2026-06-06,822891,95.0,FF,R
"Yamamoto, Yoshinobu",808967,2026-06-06,823942,96.4,FF,R
"Yamamoto, Yoshinobu",808967,2026-06-06,823942,95.6,FF,R
"Yamamoto, Yoshinobu",808967,2026-06-06,823942,96.1,FF,R
"Yamamoto, Yoshinobu",808967,2026-06-06,823942,96.4,FF,R
"Bibee, Tanner",676440,2026-06-06,822891,93.6,FF,R
"Yamamoto, Yoshinobu",808967,2026-06-06,823942,96.8,FF,R
"Yamamoto, Yoshinobu",808967,2026-06-06,823942,94.6,FF,R
"Yamamoto, Yoshinobu",808967,2026-06-06,823942,95.7,FF,R
"Yamamoto, Yoshinobu",808967,2026-06-06,823942,96.0,FF,R
"Yamamoto, Yoshinobu",808967,2026-06-06,823942,96.1,FF,R
"Yamamoto, Yoshinobu",808967,2026-06-06,823942,97.0,FF,R
"Bibee, Tanner",676440,2026-06-06,822891,95.4,FF,R
"Yamamoto, Yoshinobu",808967,2026-06-06,823942,97.4,FF,R
"Yamamoto, Yoshinobu",808967,2026-06-06,823942,97.5,FF,R
"Yamamoto, Yoshinobu",808967,2026-06-06,823942,96.1,FF,R
"Yamamoto, Yoshinobu",808967,2026-06-06,823942,96.5,FF,R
"Yamamoto, Yoshinobu",808967,2026-06-06,823942,96.2,FF,R
"Yamamoto, Yoshinobu",808967,2026-06-06,823942,97.2,FF,R
"Bibee, Tanner",676440,2026-06-06,822891,94.8,FF,R
"Abbott, Andrew",671096,2026-06-02,824511,93.3,FF,R
"Abbott, Andrew",671096,2026-06-02,824511,92.3,FF,R
"Abbott, Andrew",671096,2026-06-02,824511,93.9,FF,R
"Abbott, Andrew",671096,2026-06-02,824511,93.2,FF,R
"Abbott, Andrew",671096,2026-06-02,824511,93.1,FF,R
"Abbott, Andrew",671096,2026-06-02,824511,91.0,FF,R
"Abbott, Andrew",671096,2026-06-02,824511,92.5,FF,R
"Abbott, Andrew",671096,2026-06-02,824511,92.3,FF,R
"Abbott, Andrew",671096,2026-06-02,824511,92.6,FF,R
"Abbott, Andrew",671096,2026-06-02,824511,93.2,FF,R
"Abbott, Andrew",671096,2026-06-02,824511,92.1,FF,R
"Abbott, Andrew",671096,2026-06-02,824511,92.1,FF,R
"Abbott, Andrew",671096,2026-06-02,824511,92.6,FF,R
"Abbott, Andrew",671096,2026-06-02,824511,93.2,FF,R
"Abbott, Andrew",671096,2026-06-02,824511,92.5,FF,R
"Abbott, Andrew",671096,2026-06-02,824511,93.2,FF,R
"Abbott, Andrew",671096,2026-06-02,824511,93.9,FF,R
"Abbott, Andrew",671096,2026-06-02,824511,93.7,FF,R
"Abbott, Andrew",671096,2026-06-02,824511,93.2,FF,R
"Abbott, Andrew",671096,2026-06-02,824511,93.7,FF,R
"Abbott, Andrew",671096,2026-06-02,824511,92.6,FF,R
"Abbott, Andrew",671096,2026-06-02,824511,93.5,FF,R
"Abbott, Andrew",671096,2026-06-02,824511,93.1,FF,R
"Abbott, Andrew",671096,2026-06-02,824511,93.0,FF,R
"Abbott, Andrew",671096,2026-06-02,824511,92.1,FF,R
"Abbott, Andrew",671096,2026-06-02,824511,93.0,FF,R
"Abbott, Andrew",671096,2026-06-02,824511,93.3,FF,R
"Abbott, Andrew",671096,2026-06-02,824511,93.8,FF,R
"Abbott, Andrew",671096,2026-06-02,824511,92.9,FF,R
"Abbott, Andrew",671096,2026-06-02,824511,93.7,FF,R
"Abbott, Andrew",671096,2026-06-02,824511,92.5,FF,R
"Abbott, Andrew",671096,2026-06-02,824511,93.9,FF,R
"Abbott, Andrew",671096,2026-06-02,824511,94.3,FF,R
"Abbott, Andrew",671096,2026-06-02,824511,93.2,FF,R
"Abbott, Andrew",671096,2026-06-02,824511,93.3,FF,R
"Abbott, Andrew",671096,2026-06-02,824511,92.6,FF,R
"Abbott, Andrew",671096,2026-06-02,824511,92.4,FF,R
"Abbott, Andrew",671096,2026-06-02,824511,92.8,FF,R
"Abbott, Andrew",671096,2026-06-02,824511,93.1,FF,R
"Abbott, Andrew",671096,2026-06-02,824511,92.9,FF,R
"Abbott, Andrew",671096,2026-06-02,824511,94.0,FF,R
"Abbott, Andrew",671096,2026-06-02,824511,93.0,FF,R
"Abbott, Andrew",671096,2026-06-02,824511,92.7,FF,R
"Yamamoto, Yoshinobu",808967,2026-05-31,823944,95.4,FF,R
"Yamamoto, Yoshinobu",808967,2026-05-31,823944,97.5,FF,R
"Yamamoto, Yoshinobu",808967,2026-05-31,823944,96.3,FF,R
"Yamamoto, Yoshinobu",808967,2026-05-31,823944,95.9,FF,R
"Yamamoto, Yoshinobu",808967,2026-05-31,823944,95.9,FF,R
"Yamamoto, Yoshinobu",808967,2026-05-31,823944,96.3,FF,R
"Yamamoto, Yoshinobu",808967,2026-05-31,823944,96.4,FF,R
"Yamamoto, Yoshinobu",808967,2026-05-31,823944,96.7,FF,R
"Bibee, Tanner",676440,2026-05-31,824430,94.4,FF,R
"Yamamoto, Yoshinobu",808967,2026-05-31,823944,95.2,FF,R
"Yamamoto, Yoshinobu",808967,2026-05-31,823944,96.1,FF,R
"Yamamoto, Yoshinobu",808967,2026-05-31,823944,95.9,FF,R
"Yamamoto, Yoshinobu",808967,2026-05-31,823944,97.2,FF,R
"Yamamoto, Yoshinobu",808967,2026-05-31,823944,97.3,FF,R
"Bibee, Tanner",676440,2026-05-31,824430,95.0,FF,R
"Yamamoto, Yoshinobu",808967,2026-05-31,823944,96.9,FF,R
"Yamamoto, Yoshinobu",808967,2026-05-31,823944,96.2,FF,R
"Yamamoto, Yoshinobu",808967,2026-05-31,823944,96.6,FF,R
"Bibee, Tanner",676440,2026-05-31,824430,93.5,FF,R
"Yamamoto, Yoshinobu",808967,2026-05-31,823944,96.4,FF,R
"Yamamoto, Yoshinobu",808967,2026-05-31,823944,96.1,FF,R
"Yamamoto, Yoshinobu",808967,2026-05-31,823944,95.3,FF,R
"Yamamoto, Yoshinobu",808967,2026-05-31,823944,96.7,FF,R
"Yamamoto, Yoshinobu",808967,2026-05-31,823944,96.1,FF,R
"Yamamoto, Yoshinobu",808967,2026-05-31,823944,96.2,FF,R
"Yamamoto, Yoshinobu",808967,2026-05-31,823944,96.1,FF,R
"Yamamoto, Yoshinobu",808967,2026-05-31,823944,97.1,FF,R
"Yamamoto, Yoshinobu",808967,2026-05-31,823944,97.5,FF,R
"Bibee, Tanner",676440,2026-05-31,824430,95.2,FF,R
"Yamamoto, Yoshinobu",808967,2026-05-31,823944,96.9,FF,R
"Bibee, Tanner",676440,2026-05-31,824430,93.1,FF,R
"Yamamoto, Yoshinobu",808967,2026-05-31,823944,97.8,FF,R
"Yamamoto, Yoshinobu",808967,2026-05-31,823944,98.1,FF,R
"Yamamoto, Yoshinobu",808967,2026-05-31,823944,96.9,FF,R
"Yamamoto, Yoshinobu",808967,2026-05-31,823944,96.9,FF,R
"Bibee, Tanner",676440,2026-05-31,824430,96.4,FF,R
"Yamamoto, Yoshinobu",808967,2026-05-31,823944,98.2,FF,R
"Yamamoto, Yoshinobu",808967,2026-05-31,823944,98.0,FF,R
"Bibee, Tanner",676440,2026-05-31,824430,95.6,FF,R
"Yamamoto, Yoshinobu",808967,2026-05-31,823944,98.2,FF,R
"Yamamoto, Yoshinobu",808967,2026-05-31,823944,97.6,FF,R
"Abbott, Andrew",671096,2026-05-27,823626,93.4,FF,R
"Abbott, Andrew",671096,2026-05-27,823626,93.1,FF,R
"Abbott, Andrew",671096,2026-05-27,823626,93.0,FF,R
"Abbott, Andrew",671096,2026-05-27,823626,93.5,FF,R
"Abbott, Andrew",671096,2026-05-27,823626,93.7,FF,R
"Abbott, Andrew",671096,2026-05-27,823626,92.5,FF,R
"Abbott, Andrew",671096,2026-05-27,823626,92.2,FF,R
"Abbott, Andrew",671096,2026-05-27,823626,93.4,FF,R
"Abbott, Andrew",671096,2026-05-27,823626,93.0,FF,R
"Abbott, Andrew",671096,2026-05-27,823626,92.2,FF,R
"Abbott, Andrew",671096,2026-05-27,823626,93.1,FF,R
"Abbott, Andrew",671096,2026-05-27,823626,92.0,FF,R
"Abbott, Andrew",671096,2026-05-27,823626,93.4,FF,R
"Abbott, Andrew",671096,2026-05-27,823626,94.1,FF,R
"Abbott, Andrew",671096,2026-05-27,823626,93.2,FF,R
"Abbott, Andrew",671096,2026-05-27,823626,93.5,FF,R
"Abbott, Andrew",671096,2026-05-27,823626,93.7,FF,R
"Abbott, Andrew",671096,2026-05-27,823626,93.2,FF,R
"Abbott, Andrew",671096,2026-05-27,823626,92.3,FF,R
"Abbott, Andrew",671096,2026-05-27,823626,93.8,FF,R
"Abbott, Andrew",671096,2026-05-27,823626,92.8,FF,R
"Abbott, Andrew",671096,2026-05-27,823626,92.5,FF,R
"Abbott, Andrew",671096,2026-05-27,823626,92.6,FF,R
"Abbott, Andrew",671096,2026-05-27,823626,92.1,FF,R
"Abbott, Andrew",671096,2026-05-27,823626,92.0,FF,R
"Abbott, Andrew",671096,2026-05-27,823626,92.9,FF,R
"Abbott, Andrew",671096,2026-05-27,823626,92.7,FF,R
"Abbott, Andrew",671096,2026-05-27,823626,92.1,FF,R
"Abbott, Andrew",671096,2026-05-27,823626,92.9,FF,R
"Abbott, Andrew",671096,2026-05-27,823626,93.2,FF,R
"Abbott, Andrew",671096,2026-05-27,823626,92.9,FF,R
"Abbott, Andrew",671096,2026-05-27,823626,92.8,FF,R
"Abbott, Andrew",671096,2026-05-27,823626,92.6,FF,R
"Abbott, Andrew",671096,2026-05-27,823626,92.6,FF,R
"Abbott, Andrew",671096,2026-05-27,823626,91.4,FF,R
"Abbott, Andrew",671096,2026-05-27,823626,94.1,FF,R
"Abbott, Andrew",671096,2026-05-27,823626,93.2,FF,R
"Abbott, Andrew",671096,2026-05-27,823626,92.9,FF,R
"Abbott, Andrew",671096,2026-05-27,823626,93.2,FF,R
"Abbott, Andrew",671096,2026-05-27,823626,93.9,FF,R
"Abbott, Andrew",671096,2026-05-27,823626,93.2,FF,R
"Abbott, Andrew",671096,2026-05-27,823626,94.0,FF,R
"Abbott, Andrew",671096,2026-05-27,823626,93.8,FF,R
"Abbott, Andrew",671096,2026-05-27,823626,93.7,FF,R
"Abbott, Andrew",671096,2026-05-27,823626,92.3,FF,R
"Abbott, Andrew",671096,2026-05-27,823626,92.8,FF,R
"Abbott, Andrew",671096,2026-05-27,823626,93.6,FF,R
"Abbott, Andrew",671096,2026-05-27,823626,93.4,FF,R
"Abbott, Andrew",671096,2026-05-27,823626,93.7,FF,R
"Abbott, Andrew",671096,2026-05-27,823626,93.5,FF,R
"Abbott, Andrew",671096,2026-05-27,823626,93.8,FF,R
"Abbott, Andrew",671096,2026-05-27,823626,93.1,FF,R
"Abbott, Andrew",671096,2026-05-27,823626,92.6,FF,R
"Bibee, Tanner",676440,2026-05-25,824437,93.3,FF,R
"Bibee, Tanner",676440,2026-05-25,824437,92.0,FF,R
"Bibee, Tanner",676440,2026-05-25,824437,92.9,FF,R
"Bibee, Tanner",676440,2026-05-25,824437,94.0,FF,R
"Bibee, Tanner",676440,2026-05-25,824437,94.5,FF,R
"Bibee, Tanner",676440,2026-05-25,824437,92.9,FF,R
"Bibee, Tanner",676440,2026-05-25,824437,93.2,FF,R
"Bibee, Tanner",676440,2026-05-25,824437,93.2,FF,R
"Bibee, Tanner",676440,2026-05-25,824437,94.0,FF,R
"Bibee, Tanner",676440,2026-05-25,824437,93.8,FF,R
"Bibee, Tanner",676440,2026-05-25,824437,92.4,FF,R
"Bibee, Tanner",676440,2026-05-25,824437,94.0,FF,R
"Bibee, Tanner",676440,2026-05-25,824437,94.5,FF,R
"Bibee, Tanner",676440,2026-05-25,824437,94.7,FF,R
"Bibee, Tanner",676440,2026-05-25,824437,93.7,FF,R
"Bibee, Tanner",676440,2026-05-25,824437,94.8,FF,R
"Bibee, Tanner",676440,2026-05-25,824437,93.9,FF,R
"Bibee, Tanner",676440,2026-05-25,824437,92.3,FF,R
"Bibee, Tanner",676440,2026-05-25,824437,94.5,FF,R
"Bibee, Tanner",676440,2026-05-25,824437,94.4,FF,R
"Bibee, Tanner",676440,2026-05-25,824437,93.3,FF,R
"Bibee, Tanner",676440,2026-05-25,824437,94.6,FF,R
"Bibee, Tanner",676440,2026-05-25,824437,93.6,FF,R
"Yamamoto, Yoshinobu",808967,2026-05-24,823786,94.0,FF,R
"Yamamoto, Yoshinobu",808967,2026-05-24,823786,96.0,FF,R
"Yamamoto, Yoshinobu",808967,2026-05-24,823786,96.0,FF,R
"Yamamoto, Yoshinobu",808967,2026-05-24,823786,96.4,FF,R
"Yamamoto, Yoshinobu",808967,2026-05-24,823786,95.6,FF,R
"Yamamoto, Yoshinobu",808967,2026-05-24,823786,96.0,FF,R
"Yamamoto, Yoshinobu",808967,2026-05-24,823786,95.9,FF,R
"Yamamoto, Yoshinobu",808967,2026-05-24,823786,95.1,FF,R
"Yamamoto, Yoshinobu",808967,2026-05-24,823786,94.0,FF,R
"Yamamoto, Yoshinobu",808967,2026-05-24,823786,96.3,FF,R
"Yamamoto, Yoshinobu",808967,2026-05-24,823786,95.3,FF,R
"Yamamoto, Yoshinobu",808967,2026-05-24,823786,95.4,FF,R
"Yamamoto, Yoshinobu",808967,2026-05-24,823786,94.5,FF,R
"Yamamoto, Yoshinobu",808967,2026-05-24,823786,96.7,FF,R
"Yamamoto, Yoshinobu",808967,2026-05-24,823786,94.0,FF,R
"Yamamoto, Yoshinobu",808967,2026-05-24,823786,96.6,FF,R
"Yamamoto, Yoshinobu",808967,2026-05-24,823786,95.7,FF,R
"Yamamoto, Yoshinobu",808967,2026-05-24,823786,96.4,FF,R
"Yamamoto, Yoshinobu",808967,2026-05-24,823786,96.2,FF,R
"Yamamoto, Yoshinobu",808967,2026-05-24,823786,95.3,FF,R
"Yamamoto, Yoshinobu",808967,2026-05-24,823786,95.5,FF,R
"Yamamoto, Yoshinobu",808967,2026-05-24,823786,95.9,FF,R
"Yamamoto, Yoshinobu",808967,2026-05-24,823786,95.5,FF,R
"Yamamoto, Yoshinobu",808967,2026-05-24,823786,93.5,FF,R
"Yamamoto, Yoshinobu",808967,2026-05-24,823786,94.3,FF,R
"Yamamoto, Yoshinobu",808967,2026-05-24,823786,95.7,FF,R
"Yamamoto, Yoshinobu",808967,2026-05-24,823786,94.4,FF,R
"Bibee, Tanner",676440,2026-05-20,824273,94.2,FF,R
"Bibee, Tanner",676440,2026-05-20,824273,93.2,FF,R
"Bibee, Tanner",676440,2026-05-20,824273,93.8,FF,R
"Bibee, Tanner",676440,2026-05-20,824273,94.2,FF,R
"Abbott, Andrew",671096,2026-05-20,823462,92.6,FF,R
"Bibee, Tanner",676440,2026-05-20,824273,90.7,FF,R
"Abbott, Andrew",671096,2026-05-20,823462,93.0,FF,R
"Abbott, Andrew",671096,2026-05-20,823462,92.8,FF,R
"Abbott, Andrew",671096,2026-05-20,823462,92.8,FF,R
"Bibee, Tanner",676440,2026-05-20,824273,93.1,FF,R
"Bibee, Tanner",676440,2026-05-20,824273,91.6,FF,R
"Abbott, Andrew",671096,2026-05-20,823462,93.7,FF,R
"Abbott, Andrew",671096,2026-05-20,823462,94.1,FF,R
"Bibee, Tanner",676440,2026-05-20,824273,93.6,FF,R
"Bibee, Tanner",676440,2026-05-20,824273,94.6,FF,R
"Abbott, Andrew",671096,2026-05-20,823462,92.9,FF,R
"Abbott, Andrew",671096,2026-05-20,823462,93.8,FF,R
"Abbott, Andrew",671096,2026-05-20,823462,92.7,FF,R
"Bibee, Tanner",676440,2026-05-20,824273,94.3,FF,R
"Abbott, Andrew",671096,2026-05-20,823462,93.4,FF,R
"Bibee, Tanner",676440,2026-05-20,824273,92.5,FF,R
"Abbott, Andrew",671096,2026-05-20,823462,93.2,FF,R
"Bibee, Tanner",676440,2026-05-20,824273,93.9,FF,R
"Abbott, Andrew",671096,2026-05-20,823462,93.3,FF,R
"Abbott, Andrew",671096,2026-05-20,823462,93.3,FF,R
"Bibee, Tanner",676440,2026-05-20,824273,93.1,FF,R
"Abbott, Andrew",671096,2026-05-20,823462,93.5,FF,R
"Abbott, Andrew",671096,2026-05-20,823462,93.3,FF,R
"Abbott, Andrew",671096,2026-05-20,823462,93.5,FF,R
"Bibee, Tanner",676440,2026-05-20,824273,93.5,FF,R
"Abbott, Andrew",671096,2026-05-20,823462,92.6,FF,R
"Abbott, Andrew",671096,2026-05-20,823462,93.4,FF,R
"Bibee, Tanner",676440,2026-05-20,824273,92.3,FF,R
"Bibee, Tanner",676440,2026-05-20,824273,92.6,FF,R
"Bibee, Tanner",676440,2026-05-20,824273,93.1,FF,R
"Abbott, Andrew",671096,2026-05-20,823462,94.5,FF,R
"Abbott, Andrew",671096,2026-05-20,823462,94.2,FF,R
"Bibee, Tanner",676440,2026-05-20,824273,93.5,FF,R
"Abbott, Andrew",671096,2026-05-20,823462,94.2,FF,R
"Abbott, Andrew",671096,2026-05-20,823462,93.0,FF,R
"Bibee, Tanner",676440,2026-05-20,824273,93.2,FF,R
"Abbott, Andrew",671096,2026-05-20,823462,94.1,FF,R
"Bibee, Tanner",676440,2026-05-20,824273,94.5,FF,R
"Abbott, Andrew",671096,2026-05-20,823462,93.9,FF,R
"Abbott, Andrew",671096,2026-05-20,823462,94.1,FF,R
"Abbott, Andrew",671096,2026-05-20,823462,93.3,FF,R
"Abbott, Andrew",671096,2026-05-20,823462,93.5,FF,R
"Bibee, Tanner",676440,2026-05-20,824273,95.2,FF,R
"Abbott, Andrew",671096,2026-05-20,823462,93.3,FF,R
"Bibee, Tanner",676440,2026-05-20,824273,95.1,FF,R
"Bibee, Tanner",676440,2026-05-20,824273,93.2,FF,R
"Abbott, Andrew",671096,2026-05-20,823462,94.5,FF,R
"Abbott, Andrew",671096,2026-05-20,823462,93.4,FF,R
"Bibee, Tanner",676440,2026-05-20,824273,92.7,FF,R
"Abbott, Andrew",671096,2026-05-20,823462,94.2,FF,R
"Bibee, Tanner",676440,2026-05-20,824273,94.0,FF,R
"Abbott, Andrew",671096,2026-05-20,823462,93.4,FF,R
"Bibee, Tanner",676440,2026-05-20,824273,93.4,FF,R
"Abbott, Andrew",671096,2026-05-20,823462,94.4,FF,R
"Bibee, Tanner",676440,2026-05-20,824273,94.9,FF,R
"Abbott, Andrew",671096,2026-05-20,823462,93.3,FF,R
"Abbott, Andrew",671096,2026-05-20,823462,94.0,FF,R
"Bibee, Tanner",676440,2026-05-20,824273,93.7,FF,R
"Bibee, Tanner",676440,2026-05-20,824273,93.4,FF,R
"Bibee, Tanner",676440,2026-05-20,824273,94.3,FF,R
"Abbott, Andrew",671096,2026-05-20,823462,93.8,FF,R
"Bibee, Tanner",676440,2026-05-20,824273,94.8,FF,R
"Abbott, Andrew",671096,2026-05-20,823462,92.5,FF,R
"Abbott, Andrew",671096,2026-05-20,823462,92.3,FF,R
"Bibee, Tanner",676440,2026-05-20,824273,94.8,FF,R
"Bibee, Tanner",676440,2026-05-20,824273,94.8,FF,R
"Bibee, Tanner",676440,2026-05-20,824273,94.0,FF,R
"Abbott, Andrew",671096,2026-05-20,823462,93.5,FF,R
"Bibee, Tanner",676440,2026-05-20,824273,95.7,FF,R
"Abbott, Andrew",671096,2026-05-20,823462,93.4,FF,R
"Abbott, Andrew",671096,2026-05-20,823462,94.0,FF,R
"Bibee, Tanner",676440,2026-05-20,824273,93.3,FF,R
"Abbott, Andrew",671096,2026-05-20,823462,94.3,FF,R
"Abbott, Andrew",671096,2026-05-20,823462,93.5,FF,R
"Abbott, Andrew",671096,2026-05-20,823462,92.4,FF,R
"Bibee, Tanner",676440,2026-05-20,824273,95.4,FF,R
"Abbott, Andrew",671096,2026-05-20,823462,94.0,FF,R
"Abbott, Andrew",671096,2026-05-20,823462,93.7,FF,R
"Abbott, Andrew",671096,2026-05-20,823462,94.0,FF,R
"Abbott, Andrew",671096,2026-05-20,823462,92.7,FF,R
"Bibee, Tanner",676440,2026-05-20,824273,94.0,FF,R
"Abbott, Andrew",671096,2026-05-20,823462,91.8,FF,R
"Abbott, Andrew",671096,2026-05-20,823462,92.6,FF,R
"Bibee, Tanner",676440,2026-05-20,824273,94.1,FF,R
"Abbott, Andrew",671096,2026-05-20,823462,93.0,FF,R
"Bibee, Tanner",676440,2026-05-20,824273,94.3,FF,R
"Abbott, Andrew",671096,2026-05-20,823462,93.5,FF,R
"Bibee, Tanner",676440,2026-05-20,824273,93.1,FF,R
"Abbott, Andrew",671096,2026-05-20,823462,92.6,FF,R
"Yamamoto, Yoshinobu",808967,2026-05-18,823301,95.4,FF,R
"Yamamoto, Yoshinobu",808967,2026-05-18,823301,95.3,FF,R
"Yamamoto, Yoshinobu",808967,2026-05-18,823301,96.6,FF,R
"Yamamoto, Yoshinobu",808967,2026-05-18,823301,96.3,FF,R
"Yamamoto, Yoshinobu",808967,2026-05-18,823301,96.3,FF,R
"Yamamoto, Yoshinobu",808967,2026-05-18,823301,95.1,FF,R
"Yamamoto, Yoshinobu",808967,2026-05-18,823301,95.2,FF,R
"Yamamoto, Yoshinobu",808967,2026-05-18,823301,96.2,FF,R
"Yamamoto, Yoshinobu",808967,2026-05-18,823301,96.4,FF,R
"Yamamoto, Yoshinobu",808967,2026-05-18,823301,96.2,FF,R
"Yamamoto, Yoshinobu",808967,2026-05-18,823301,96.0,FF,R
"Yamamoto, Yoshinobu",808967,2026-05-18,823301,96.0,FF,R
"Yamamoto, Yoshinobu",808967,2026-05-18,823301,96.0,FF,R
"Yamamoto, Yoshinobu",808967,2026-05-18,823301,97.0,FF,R
"Yamamoto, Yoshinobu",808967,2026-05-18,823301,96.4,FF,R
"Yamamoto, Yoshinobu",808967,2026-05-18,823301,95.5,FF,R
"Yamamoto, Yoshinobu",808967,2026-05-18,823301,96.3,FF,R
"Yamamoto, Yoshinobu",808967,2026-05-18,823301,96.3,FF,R
"Yamamoto, Yoshinobu",808967,2026-05-18,823301,96.5,FF,R
"Yamamoto, Yoshinobu",808967,2026-05-18,823301,95.7,FF,R
"Yamamoto, Yoshinobu",808967,2026-05-18,823301,96.1,FF,R
"Yamamoto, Yoshinobu",808967,2026-05-18,823301,96.8,FF,R
"Yamamoto, Yoshinobu",808967,2026-05-18,823301,96.3,FF,R
"Yamamoto, Yoshinobu",808967,2026-05-18,823301,96.7,FF,R
"Yamamoto, Yoshinobu",808967,2026-05-18,823301,97.4,FF,R
"Yamamoto, Yoshinobu",808967,2026-05-18,823301,97.0,FF,R
"Yamamoto, Yoshinobu",808967,2026-05-18,823301,97.0,FF,R
"Yamamoto, Yoshinobu",808967,2026-05-18,823301,96.6,FF,R
"Yamamoto, Yoshinobu",808967,2026-05-18,823301,95.5,FF,R
"Bibee, Tanner",676440,2026-05-15,824439,95.1,FF,R
"Bibee, Tanner",676440,2026-05-15,824439,93.6,FF,R
"Abbott, Andrew",671096,2026-05-15,824439,92.5,FF,R
"Bibee, Tanner",676440,2026-05-15,824439,93.3,FF,R
"Bibee, Tanner",676440,2026-05-15,824439,93.3,FF,R
"Abbott, Andrew",671096,2026-05-15,824439,93.1,FF,R
"Abbott, Andrew",671096,2026-05-15,824439,92.5,FF,R
"Bibee, Tanner",676440,2026-05-15,824439,92.3,FF,R
"Abbott, Andrew",671096,2026-05-15,824439,92.7,FF,R
"Abbott, Andrew",671096,2026-05-15,824439,92.4,FF,R
"Abbott, Andrew",671096,2026-05-15,824439,93.2,FF,R
"Abbott, Andrew",671096,2026-05-15,824439,92.8,FF,R
"Abbott, Andrew",671096,2026-05-15,824439,91.5,FF,R
"Abbott, Andrew",671096,2026-05-15,824439,92.4,FF,R
"Abbott, Andrew",671096,2026-05-15,824439,92.2,FF,R
"Abbott, Andrew",671096,2026-05-15,824439,92.8,FF,R
"Abbott, Andrew",671096,2026-05-15,824439,92.6,FF,R
"Abbott, Andrew",671096,2026-05-15,824439,92.8,FF,R
"Abbott, Andrew",671096,2026-05-15,824439,92.5,FF,R
"Bibee, Tanner",676440,2026-05-15,824439,94.1,FF,R
"Abbott, Andrew",671096,2026-05-15,824439,92.6,FF,R
"Bibee, Tanner",676440,2026-05-15,824439,93.4,FF,R
"Bibee, Tanner",676440,2026-05-15,824439,92.0,FF,R
"Bibee, Tanner",676440,2026-05-15,824439,94.2,FF,R
"Abbott, Andrew",671096,2026-05-15,824439,93.0,FF,R
"Bibee, Tanner",676440,2026-05-15,824439,92.8,FF,R
"Abbott, Andrew",671096,2026-05-15,824439,93.9,FF,R
"Abbott, Andrew",671096,2026-05-15,824439,93.5,FF,R
"Bibee, Tanner",676440,2026-05-15,824439,92.8,FF,R
"Abbott, Andrew",671096,2026-05-15,824439,93.0,FF,R
"Abbott, Andrew",671096,2026-05-15,824439,92.7,FF,R
"Bibee, Tanner",676440,2026-05-15,824439,93.7,FF,R
"Abbott, Andrew",671096,2026-05-15,824439,93.5,FF,R
"Bibee, Tanner",676440,2026-05-15,824439,93.9,FF,R
"Bibee, Tanner",676440,2026-05-15,824439,94.0,FF,R
"Bibee, Tanner",676440,2026-05-15,824439,93.7,FF,R
"Abbott, Andrew",671096,2026-05-15,824439,92.8,FF,R
"Bibee, Tanner",676440,2026-05-15,824439,92.4,FF,R
"Abbott, Andrew",671096,2026-05-15,824439,93.7,FF,R
"Abbott, Andrew",671096,2026-05-15,824439,92.0,FF,R
"Bibee, Tanner",676440,2026-05-15,824439,93.6,FF,R
"Abbott, Andrew",671096,2026-05-15,824439,92.9,FF,R
"Bibee, Tanner",676440,2026-05-15,824439,93.1,FF,R
"Abbott, Andrew",671096,2026-05-15,824439,92.6,FF,R
"Bibee, Tanner",676440,2026-05-15,824439,93.2,FF,R
"Abbott, Andrew",671096,2026-05-15,824439,94.0,FF,R
"Bibee, Tanner",676440,2026-05-15,824439,92.6,FF,R
"Abbott, Andrew",671096,2026-05-15,824439,93.9,FF,R
"Abbott, Andrew",671096,2026-05-15,824439,93.3,FF,R
"Abbott, Andrew",671096,2026-05-15,824439,93.3,FF,R
"Abbott, Andrew",671096,2026-05-15,824439,93.8,FF,R
"Abbott, Andrew",671096,2026-05-15,824439,93.8,FF,R
"Abbott, Andrew",671096,2026-05-15,824439,93.3,FF,R
"Abbott, Andrew",671096,2026-05-15,824439,93.2,FF,R
"Bibee, Tanner",676440,2026-05-15,824439,93.5,FF,R
"Abbott, Andrew",671096,2026-05-15,824439,92.1,FF,R
"Bibee, Tanner",676440,2026-05-15,824439,96.0,FF,R
"Bibee, Tanner",676440,2026-05-15,824439,94.9,FF,R
"Bibee, Tanner",676440,2026-05-15,824439,94.8,FF,R
"Abbott, Andrew",671096,2026-05-15,824439,93.1,FF,R
"Bibee, Tanner",676440,2026-05-15,824439,94.6,FF,R
"Abbott, Andrew",671096,2026-05-15,824439,93.8,FF,R
"Bibee, Tanner",676440,2026-05-15,824439,96.0,FF,R
"Abbott, Andrew",671096,2026-05-15,824439,94.1,FF,R
"Abbott, Andrew",671096,2026-05-15,824439,93.1,FF,R
"Abbott, Andrew",671096,2026-05-15,824439,93.8,FF,R
"Bibee, Tanner",676440,2026-05-15,824439,96.3,FF,R
"Bibee, Tanner",676440,2026-05-15,824439,95.1,FF,R
"Bibee, Tanner",676440,2026-05-15,824439,93.9,FF,R
"Abbott, Andrew",671096,2026-05-15,824439,93.1,FF,R
"Abbott, Andrew",671096,2026-05-15,824439,93.5,FF,R
"Bibee, Tanner",676440,2026-05-15,824439,94.6,FF,R
"Abbott, Andrew",671096,2026-05-15,824439,92.8,FF,R
"Yamamoto, Yoshinobu",808967,2026-05-12,823951,96.5,FF,R
"Yamamoto, Yoshinobu",808967,2026-05-12,823951,95.6,FF,R
"Yamamoto, Yoshinobu",808967,2026-05-12,823951,95.9,FF,R
"Yamamoto, Yoshinobu",808967,2026-05-12,823951,95.7,FF,R
"Yamamoto, Yoshinobu",808967,2026-05-12,823951,95.2,FF,R
"Yamamoto, Yoshinobu",808967,2026-05-12,823951,95.8,FF,R
"Yamamoto, Yoshinobu",808967,2026-05-12,823951,96.4,FF,R
"Yamamoto, Yoshinobu",808967,2026-05-12,823951,96.6,FF,R
"Yamamoto, Yoshinobu",808967,2026-05-12,823951,96.7,FF,R
"Yamamoto, Yoshinobu",808967,2026-05-12,823951,96.1,FF,R
"Yamamoto, Yoshinobu",808967,2026-05-12,823951,96.0,FF,R
"Yamamoto, Yoshinobu",808967,2026-05-12,823951,95.9,FF,R
"Yamamoto, Yoshinobu",808967,2026-05-12,823951,96.7,FF,R
"Yamamoto, Yoshinobu",808967,2026-05-12,823951,97.1,FF,R
"Yamamoto, Yoshinobu",808967,2026-05-12,823951,97.4,FF,R
"Yamamoto, Yoshinobu",808967,2026-05-12,823951,97.2,FF,R
"Yamamoto, Yoshinobu",808967,2026-05-12,823951,97.6,FF,R
"Yamamoto, Yoshinobu",808967,2026-05-12,823951,96.4,FF,R
"Yamamoto, Yoshinobu",808967,2026-05-12,823951,96.4,FF,R
"Yamamoto, Yoshinobu",808967,2026-05-12,823951,98.0,FF,R
"Yamamoto, Yoshinobu",808967,2026-05-12,823951,97.1,FF,R
"Yamamoto, Yoshinobu",808967,2026-05-12,823951,97.6,FF,R
"Yamamoto, Yoshinobu",808967,2026-05-12,823951,97.2,FF,R
"Yamamoto, Yoshinobu",808967,2026-05-12,823951,96.7,FF,R
"Yamamoto, Yoshinobu",808967,2026-05-12,823951,97.7,FF,R
"Yamamoto, Yoshinobu",808967,2026-05-12,823951,97.5,FF,R
"Yamamoto, Yoshinobu",808967,2026-05-12,823951,97.4,FF,R
"Yamamoto, Yoshinobu",808967,2026-05-12,823951,98.0,FF,R
"Yamamoto, Yoshinobu",808967,2026-05-12,823951,96.6,FF,R
"Abbott, Andrew",671096,2026-05-10,824520,94.0,FF,R
"Abbott, Andrew",671096,2026-05-10,824520,93.5,FF,R
"Abbott, Andrew",671096,2026-05-10,824520,93.4,FF,R
"Abbott, Andrew",671096,2026-05-10,824520,94.1,FF,R
"Abbott, Andrew",671096,2026-05-10,824520,93.7,FF,R
"Abbott, Andrew",671096,2026-05-10,824520,94.0,FF,R
"Abbott, Andrew",671096,2026-05-10,824520,92.5,FF,R
"Abbott, Andrew",671096,2026-05-10,824520,93.4,FF,R
"Abbott, Andrew",671096,2026-05-10,824520,92.8,FF,R
"Abbott, Andrew",671096,2026-05-10,824520,92.4,FF,R
"Abbott, Andrew",671096,2026-05-10,824520,93.2,FF,R
"Abbott, Andrew",671096,2026-05-10,824520,93.5,FF,R
"Abbott, Andrew",671096,2026-05-10,824520,93.2,FF,R
"Abbott, Andrew",671096,2026-05-10,824520,92.5,FF,R
"Abbott, Andrew",671096,2026-05-10,824520,93.8,FF,R
"Abbott, Andrew",671096,2026-05-10,824520,93.1,FF,R
"Abbott, Andrew",671096,2026-05-10,824520,94.0,FF,R
"Abbott, Andrew",671096,2026-05-10,824520,92.5,FF,R
"Abbott, Andrew",671096,2026-05-10,824520,92.5,FF,R
"Abbott, Andrew",671096,2026-05-10,824520,92.6,FF,R
"Abbott, Andrew",671096,2026-05-10,824520,92.3,FF,R
"Abbott, Andrew",671096,2026-05-10,824520,94.1,FF,R
"Abbott, Andrew",671096,2026-05-10,824520,93.7,FF,R
"Abbott, Andrew",671096,2026-05-10,824520,92.7,FF,R
"Abbott, Andrew",671096,2026-05-10,824520,92.5,FF,R
"Abbott, Andrew",671096,2026-05-10,824520,91.6,FF,R
"Abbott, Andrew",671096,2026-05-10,824520,93.5,FF,R
"Abbott, Andrew",671096,2026-05-10,824520,93.0,FF,R
"Abbott, Andrew",671096,2026-05-10,824520,92.7,FF,R
"Abbott, Andrew",671096,2026-05-10,824520,92.7,FF,R
"Abbott, Andrew",671096,2026-05-10,824520,92.9,FF,R
"Abbott, Andrew",671096,2026-05-10,824520,93.2,FF,R
"Abbott, Andrew",671096,2026-05-10,824520,93.6,FF,R
"Abbott, Andrew",671096,2026-05-10,824520,92.9,FF,R
"Abbott, Andrew",671096,2026-05-10,824520,92.5,FF,R
"Bibee, Tanner",676440,2026-05-09,824444,94.0,FF,R
"Bibee, Tanner",676440,2026-05-09,824444,94.9,FF,R
"Bibee, Tanner",676440,2026-05-09,824444,93.8,FF,R
"Bibee, Tanner",676440,2026-05-09,824444,93.7,FF,R
"Bibee, Tanner",676440,2026-05-09,824444,93.9,FF,R
"Bibee, Tanner",676440,2026-05-09,824444,95.2,FF,R
"Bibee, Tanner",676440,2026-05-09,824444,94.5,FF,R
"Bibee, Tanner",676440,2026-05-09,824444,95.1,FF,R
"Bibee, Tanner",676440,2026-05-09,824444,94.0,FF,R
"Bibee, Tanner",676440,2026-05-09,824444,93.9,FF,R
"Bibee, Tanner",676440,2026-05-09,824444,94.6,FF,R
"Bibee, Tanner",676440,2026-05-09,824444,95.0,FF,R
"Bibee, Tanner",676440,2026-05-09,824444,96.7,FF,R
"Bibee, Tanner",676440,2026-05-09,824444,96.5,FF,R
"Bibee, Tanner",676440,2026-05-09,824444,94.2,FF,R
"Bibee, Tanner",676440,2026-05-09,824444,93.9,FF,R
"Bibee, Tanner",676440,2026-05-09,824444,94.2,FF,R
"Bibee, Tanner",676440,2026-05-09,824444,93.9,FF,R
"Bibee, Tanner",676440,2026-05-09,824444,94.6,FF,R
"Bibee, Tanner",676440,2026-05-09,824444,94.8,FF,R
"Bibee, Tanner",676440,2026-05-09,824444,94.1,FF,R
"Abbott, Andrew",671096,2026-05-05,824682,93.4,FF,R
"Abbott, Andrew",671096,2026-05-05,824682,92.8,FF,R
"Abbott, Andrew",671096,2026-05-05,824682,93.7,FF,R
"Abbott, Andrew",671096,2026-05-05,824682,93.3,FF,R
"Abbott, Andrew",671096,2026-05-05,824682,92.8,FF,R
"Abbott, Andrew",671096,2026-05-05,824682,91.9,FF,R
"Abbott, Andrew",671096,2026-05-05,824682,92.4,FF,R
"Abbott, Andrew",671096,2026-05-05,824682,92.6,FF,R
"Abbott, Andrew",671096,2026-05-05,824682,93.1,FF,R
"Abbott, Andrew",671096,2026-05-05,824682,92.2,FF,R
"Abbott, Andrew",671096,2026-05-05,824682,92.3,FF,R
"Abbott, Andrew",671096,2026-05-05,824682,94.2,FF,R
"Abbott, Andrew",671096,2026-05-05,824682,93.1,FF,R
"Abbott, Andrew",671096,2026-05-05,824682,93.6,FF,R
"Abbott, Andrew",671096,2026-05-05,824682,93.1,FF,R
"Abbott, Andrew",671096,2026-05-05,824682,93.2,FF,R
"Abbott, Andrew",671096,2026-05-05,824682,92.7,FF,R
"Abbott, Andrew",671096,2026-05-05,824682,92.2,FF,R
"Abbott, Andrew",671096,2026-05-05,824682,92.6,FF,R
"Abbott, Andrew",671096,2026-05-05,824682,91.9,FF,R
"Abbott, Andrew",671096,2026-05-05,824682,94.1,FF,R
"Abbott, Andrew",671096,2026-05-05,824682,93.4,FF,R
"Abbott, Andrew",671096,2026-05-05,824682,93.1,FF,R
"Abbott, Andrew",671096,2026-05-05,824682,91.8,FF,R
"Abbott, Andrew",671096,2026-05-05,824682,92.5,FF,R
"Abbott, Andrew",671096,2026-05-05,824682,91.9,FF,R
"Abbott, Andrew",671096,2026-05-05,824682,91.6,FF,R
"Abbott, Andrew",671096,2026-05-05,824682,92.4,FF,R
"Abbott, Andrew",671096,2026-05-05,824682,92.5,FF,R
"Abbott, Andrew",671096,2026-05-05,824682,93.0,FF,R
"Abbott, Andrew",671096,2026-05-05,824682,92.8,FF,R
"Abbott, Andrew",671096,2026-05-05,824682,92.6,FF,R
"Abbott, Andrew",671096,2026-05-05,824682,93.3,FF,R
"Abbott, Andrew",671096,2026-05-05,824682,93.2,FF,R
"Abbott, Andrew",671096,2026-05-05,824682,92.8,FF,R
"Abbott, Andrew",671096,2026-05-05,824682,93.1,FF,R
"Abbott, Andrew",671096,2026-05-05,824682,92.3,FF,R
"Abbott, Andrew",671096,2026-05-05,824682,93.1,FF,R
"Abbott, Andrew",671096,2026-05-05,824682,93.3,FF,R
"Abbott, Andrew",671096,2026-05-05,824682,93.0,FF,R
"Abbott, Andrew",671096,2026-05-05,824682,92.8,FF,R
"Abbott, Andrew",671096,2026-05-05,824682,93.2,FF,R
"Abbott, Andrew",671096,2026-05-05,824682,93.0,FF,R
"Abbott, Andrew",671096,2026-05-05,824682,92.7,FF,R
"Yamamoto, Yoshinobu",808967,2026-05-04,824201,96.0,FF,R
"Yamamoto, Yoshinobu",808967,2026-05-04,824201,96.9,FF,R
"Yamamoto, Yoshinobu",808967,2026-05-04,824201,96.0,FF,R
"Yamamoto, Yoshinobu",808967,2026-05-04,824201,94.8,FF,R
"Yamamoto, Yoshinobu",808967,2026-05-04,824201,95.8,FF,R
"Yamamoto, Yoshinobu",808967,2026-05-04,824201,96.2,FF,R
"Yamamoto, Yoshinobu",808967,2026-05-04,824201,96.5,FF,R
"Yamamoto, Yoshinobu",808967,2026-05-04,824201,95.6,FF,R
"Bibee, Tanner",676440,2026-05-04,824120,95.3,FF,R
"Yamamoto, Yoshinobu",808967,2026-05-04,824201,95.7,FF,R
"Yamamoto, Yoshinobu",808967,2026-05-04,824201,95.3,FF,R
"Yamamoto, Yoshinobu",808967,2026-05-04,824201,95.8,FF,R
"Yamamoto, Yoshinobu",808967,2026-05-04,824201,96.3,FF,R
"Yamamoto, Yoshinobu",808967,2026-05-04,824201,96.1,FF,R
"Bibee, Tanner",676440,2026-05-04,824120,95.0,FF,R
"Yamamoto, Yoshinobu",808967,2026-05-04,824201,96.9,FF,R
"Bibee, Tanner",676440,2026-05-04,824120,94.1,FF,R
"Yamamoto, Yoshinobu",808967,2026-05-04,824201,96.4,FF,R
"Bibee, Tanner",676440,2026-05-04,824120,94.8,FF,R
"Yamamoto, Yoshinobu",808967,2026-05-04,824201,94.4,FF,R
"Yamamoto, Yoshinobu",808967,2026-05-04,824201,94.9,FF,R
"Bibee, Tanner",676440,2026-05-04,824120,94.1,FF,R
"Bibee, Tanner",676440,2026-05-04,824120,93.6,FF,R
"Yamamoto, Yoshinobu",808967,2026-05-04,824201,97.7,FF,R
"Yamamoto, Yoshinobu",808967,2026-05-04,824201,96.9,FF,R
"Bibee, Tanner",676440,2026-05-04,824120,95.4,FF,R
"Bibee, Tanner",676440,2026-05-04,824120,94.8,FF,R
"Bibee, Tanner",676440,2026-05-04,824120,95.5,FF,R
"Yamamoto, Yoshinobu",808967,2026-05-04,824201,96.8,FF,R
"Bibee, Tanner",676440,2026-05-04,824120,92.9,FF,R
"Bibee, Tanner",676440,2026-05-04,824120,94.6,FF,R
"Yamamoto, Yoshinobu",808967,2026-05-04,824201,96.3,FF,R
"Yamamoto, Yoshinobu",808967,2026-05-04,824201,97.0,FF,R
"Bibee, Tanner",676440,2026-05-04,824120,95.4,FF,R
"Yamamoto, Yoshinobu",808967,2026-05-04,824201,94.8,FF,R
"Yamamoto, Yoshinobu",808967,2026-05-04,824201,96.0,FF,R
"Abbott, Andrew",671096,2026-04-30,824524,93.3,FF,R
"Abbott, Andrew",671096,2026-04-30,824524,93.0,FF,R
"Abbott, Andrew",671096,2026-04-30,824524,93.2,FF,R
"Abbott, Andrew",671096,2026-04-30,824524,92.6,FF,R
"Abbott, Andrew",671096,2026-04-30,824524,92.3,FF,R
"Abbott, Andrew",671096,2026-04-30,824524,93.0,FF,R
"Abbott, Andrew",671096,2026-04-30,824524,92.3,FF,R
"Abbott, Andrew",671096,2026-04-30,824524,92.8,FF,R
"Abbott, Andrew",671096,2026-04-30,824524,92.9,FF,R
"Abbott, Andrew",671096,2026-04-30,824524,93.1,FF,R
"Abbott, Andrew",671096,2026-04-30,824524,92.7,FF,R
"Abbott, Andrew",671096,2026-04-30,824524,93.1,FF,R
"Abbott, Andrew",671096,2026-04-30,824524,92.7,FF,R
"Abbott, Andrew",671096,2026-04-30,824524,91.6,FF,R
"Abbott, Andrew",671096,2026-04-30,824524,92.4,FF,R
"Abbott, Andrew",671096,2026-04-30,824524,93.7,FF,R
"Abbott, Andrew",671096,2026-04-30,824524,92.8,FF,R
"Abbott, Andrew",671096,2026-04-30,824524,92.4,FF,R
"Abbott, Andrew",671096,2026-04-30,824524,92.6,FF,R
"Abbott, Andrew",671096,2026-04-30,824524,92.5,FF,R
"Abbott, Andrew",671096,2026-04-30,824524,92.9,FF,R
"Abbott, Andrew",671096,2026-04-30,824524,92.6,FF,R
"Abbott, Andrew",671096,2026-04-30,824524,92.2,FF,R
"Abbott, Andrew",671096,2026-04-30,824524,92.2,FF,R
"Abbott, Andrew",671096,2026-04-30,824524,92.3,FF,R
"Abbott, Andrew",671096,2026-04-30,824524,92.0,FF,R
"Abbott, Andrew",671096,2026-04-30,824524,92.6,FF,R
"Abbott, Andrew",671096,2026-04-30,824524,92.4,FF,R
"Abbott, Andrew",671096,2026-04-30,824524,92.9,FF,R
"Abbott, Andrew",671096,2026-04-30,824524,92.1,FF,R
"Bibee, Tanner",676440,2026-04-28,824447,93.1,FF,R
"Bibee, Tanner",676440,2026-04-28,824447,93.4,FF,R
"Bibee, Tanner",676440,2026-04-28,824447,94.0,FF,R
"Bibee, Tanner",676440,2026-04-28,824447,93.5,FF,R
"Bibee, Tanner",676440,2026-04-28,824447,93.2,FF,R
"Bibee, Tanner",676440,2026-04-28,824447,93.7,FF,R
"Bibee, Tanner",676440,2026-04-28,824447,94.2,FF,R
"Bibee, Tanner",676440,2026-04-28,824447,92.6,FF,R
"Bibee, Tanner",676440,2026-04-28,824447,92.9,FF,R
"Bibee, Tanner",676440,2026-04-28,824447,94.7,FF,R
"Bibee, Tanner",676440,2026-04-28,824447,94.3,FF,R
"Bibee, Tanner",676440,2026-04-28,824447,94.6,FF,R
"Bibee, Tanner",676440,2026-04-28,824447,93.5,FF,R
"Bibee, Tanner",676440,2026-04-28,824447,93.7,FF,R
"Yamamoto, Yoshinobu",808967,2026-04-27,823961,96.1,FF,R
"Yamamoto, Yoshinobu",808967,2026-04-27,823961,96.0,FF,R
"Yamamoto, Yoshinobu",808967,2026-04-27,823961,95.8,FF,R
"Yamamoto, Yoshinobu",808967,2026-04-27,823961,94.7,FF,R
"Yamamoto, Yoshinobu",808967,2026-04-27,823961,96.0,FF,R
"Yamamoto, Yoshinobu",808967,2026-04-27,823961,94.5,FF,R
"Yamamoto, Yoshinobu",808967,2026-04-27,823961,95.8,FF,R
"Yamamoto, Yoshinobu",808967,2026-04-27,823961,95.3,FF,R
"Yamamoto, Yoshinobu",808967,2026-04-27,823961,95.7,FF,R
"Yamamoto, Yoshinobu",808967,2026-04-27,823961,95.2,FF,R
"Yamamoto, Yoshinobu",808967,2026-04-27,823961,95.8,FF,R
"Yamamoto, Yoshinobu",808967,2026-04-27,823961,96.2,FF,R
"Yamamoto, Yoshinobu",808967,2026-04-27,823961,95.2,FF,R
"Yamamoto, Yoshinobu",808967,2026-04-27,823961,96.8,FF,R
"Yamamoto, Yoshinobu",808967,2026-04-27,823961,95.3,FF,R
"Yamamoto, Yoshinobu",808967,2026-04-27,823961,94.9,FF,R
"Yamamoto, Yoshinobu",808967,2026-04-27,823961,95.1,FF,R
"Yamamoto, Yoshinobu",808967,2026-04-27,823961,94.4,FF,R
"Yamamoto, Yoshinobu",808967,2026-04-27,823961,95.9,FF,R
"Yamamoto, Yoshinobu",808967,2026-04-27,823961,96.6,FF,R
"Yamamoto, Yoshinobu",808967,2026-04-27,823961,96.7,FF,R
"Yamamoto, Yoshinobu",808967,2026-04-27,823961,96.3,FF,R
"Yamamoto, Yoshinobu",808967,2026-04-27,823961,96.2,FF,R
"Abbott, Andrew",671096,2026-04-24,824529,91.4,FF,R
"Abbott, Andrew",671096,2026-04-24,824529,90.5,FF,R
"Abbott, Andrew",671096,2026-04-24,824529,91.5,FF,R
"Abbott, Andrew",671096,2026-04-24,824529,91.5,FF,R
"Abbott, Andrew",671096,2026-04-24,824529,90.9,FF,R
"Abbott, Andrew",671096,2026-04-24,824529,91.5,FF,R
"Abbott, Andrew",671096,2026-04-24,824529,91.6,FF,R
"Abbott, Andrew",671096,2026-04-24,824529,91.1,FF,R
"Abbott, Andrew",671096,2026-04-24,824529,91.8,FF,R
"Abbott, Andrew",671096,2026-04-24,824529,91.9,FF,R
"Abbott, Andrew",671096,2026-04-24,824529,92.1,FF,R
"Abbott, Andrew",671096,2026-04-24,824529,90.3,FF,R
"Abbott, Andrew",671096,2026-04-24,824529,91.4,FF,R
"Abbott, Andrew",671096,2026-04-24,824529,91.9,FF,R
"Abbott, Andrew",671096,2026-04-24,824529,92.1,FF,R
"Abbott, Andrew",671096,2026-04-24,824529,92.6,FF,R
"Abbott, Andrew",671096,2026-04-24,824529,91.8,FF,R
"Abbott, Andrew",671096,2026-04-24,824529,92.0,FF,R
"Abbott, Andrew",671096,2026-04-24,824529,91.9,FF,R
"Abbott, Andrew",671096,2026-04-24,824529,92.6,FF,R
"Abbott, Andrew",671096,2026-04-24,824529,91.5,FF,R
"Abbott, Andrew",671096,2026-04-24,824529,92.8,FF,R
"Abbott, Andrew",671096,2026-04-24,824529,92.4,FF,R
"Abbott, Andrew",671096,2026-04-24,824529,93.1,FF,R
"Abbott, Andrew",671096,2026-04-24,824529,91.8,FF,R
"Abbott, Andrew",671096,2026-04-24,824529,91.7,FF,R
"Abbott, Andrew",671096,2026-04-24,824529,91.7,FF,R
"Abbott, Andrew",671096,2026-04-24,824529,92.3,FF,R
"Abbott, Andrew",671096,2026-04-24,824529,92.2,FF,R
"Abbott, Andrew",671096,2026-04-24,824529,92.1,FF,R
"Abbott, Andrew",671096,2026-04-24,824529,92.9,FF,R
"Abbott, Andrew",671096,2026-04-24,824529,92.9,FF,R
"Abbott, Andrew",671096,2026-04-24,824529,92.6,FF,R
"Abbott, Andrew",671096,2026-04-24,824529,92.9,FF,R
"Abbott, Andrew",671096,2026-04-24,824529,93.6,FF,R
"Abbott, Andrew",671096,2026-04-24,824529,93.0,FF,R
"Abbott, Andrew",671096,2026-04-24,824529,93.1,FF,R
"Abbott, Andrew",671096,2026-04-24,824529,93.2,FF,R
"Abbott, Andrew",671096,2026-04-24,824529,93.3,FF,R
"Abbott, Andrew",671096,2026-04-24,824529,92.7,FF,R
"Bibee, Tanner",676440,2026-04-22,824449,94.7,FF,R
"Bibee, Tanner",676440,2026-04-22,824449,94.8,FF,R
"Bibee, Tanner",676440,2026-04-22,824449,94.3,FF,R
"Bibee, Tanner",676440,2026-04-22,824449,94.5,FF,R
"Bibee, Tanner",676440,2026-04-22,824449,93.2,FF,R
"Bibee, Tanner",676440,2026-04-22,824449,95.2,FF,R
"Bibee, Tanner",676440,2026-04-22,824449,93.5,FF,R
"Bibee, Tanner",676440,2026-04-22,824449,93.2,FF,R
"Bibee, Tanner",676440,2026-04-22,824449,94.8,FF,R
"Bibee, Tanner",676440,2026-04-22,824449,92.8,FF,R
"Bibee, Tanner",676440,2026-04-22,824449,92.7,FF,R
"Bibee, Tanner",676440,2026-04-22,824449,93.9,FF,R
"Bibee, Tanner",676440,2026-04-22,824449,94.2,FF,R
"Bibee, Tanner",676440,2026-04-22,824449,93.8,FF,R
"Bibee, Tanner",676440,2026-04-22,824449,92.0,FF,R
"Bibee, Tanner",676440,2026-04-22,824449,93.9,FF,R
"Bibee, Tanner",676440,2026-04-22,824449,93.8,FF,R
"Bibee, Tanner",676440,2026-04-22,824449,95.7,FF,R
"Bibee, Tanner",676440,2026-04-22,824449,94.3,FF,R
"Bibee, Tanner",676440,2026-04-22,824449,94.2,FF,R
"Bibee, Tanner",676440,2026-04-22,824449,93.9,FF,R
"Bibee, Tanner",676440,2026-04-22,824449,94.1,FF,R
"Bibee, Tanner",676440,2026-04-22,824449,92.8,FF,R
"Bibee, Tanner",676440,2026-04-22,824449,94.7,FF,R
"Bibee, Tanner",676440,2026-04-22,824449,94.4,FF,R
"Bibee, Tanner",676440,2026-04-22,824449,93.6,FF,R
"Yamamoto, Yoshinobu",808967,2026-04-21,823236,95.7,FF,R
"Yamamoto, Yoshinobu",808967,2026-04-21,823236,95.5,FF,R
"Yamamoto, Yoshinobu",808967,2026-04-21,823236,93.8,FF,R
"Yamamoto, Yoshinobu",808967,2026-04-21,823236,93.1,FF,R
"Yamamoto, Yoshinobu",808967,2026-04-21,823236,94.6,FF,R
"Yamamoto, Yoshinobu",808967,2026-04-21,823236,94.4,FF,R
"Yamamoto, Yoshinobu",808967,2026-04-21,823236,94.5,FF,R
"Yamamoto, Yoshinobu",808967,2026-04-21,823236,95.1,FF,R
"Yamamoto, Yoshinobu",808967,2026-04-21,823236,94.7,FF,R
"Yamamoto, Yoshinobu",808967,2026-04-21,823236,95.1,FF,R
"Yamamoto, Yoshinobu",808967,2026-04-21,823236,94.8,FF,R
"Yamamoto, Yoshinobu",808967,2026-04-21,823236,94.5,FF,R
"Yamamoto, Yoshinobu",808967,2026-04-21,823236,95.3,FF,R
"Yamamoto, Yoshinobu",808967,2026-04-21,823236,94.7,FF,R
"Yamamoto, Yoshinobu",808967,2026-04-21,823236,95.5,FF,R
"Yamamoto, Yoshinobu",808967,2026-04-21,823236,93.8,FF,R
"Yamamoto, Yoshinobu",808967,2026-04-21,823236,93.7,FF,R
"Yamamoto, Yoshinobu",808967,2026-04-21,823236,95.0,FF,R
"Yamamoto, Yoshinobu",808967,2026-04-21,823236,93.9,FF,R
"Yamamoto, Yoshinobu",808967,2026-04-21,823236,93.6,FF,R
"Yamamoto, Yoshinobu",808967,2026-04-21,823236,95.1,FF,R
"Yamamoto, Yoshinobu",808967,2026-04-21,823236,94.7,FF,R
"Yamamoto, Yoshinobu",808967,2026-04-21,823236,94.3,FF,R
"Yamamoto, Yoshinobu",808967,2026-04-21,823236,94.7,FF,R
"Yamamoto, Yoshinobu",808967,2026-04-21,823236,94.7,FF,R
"Yamamoto, Yoshinobu",808967,2026-04-21,823236,94.6,FF,R
"Yamamoto, Yoshinobu",808967,2026-04-21,823236,95.0,FF,R
"Yamamoto, Yoshinobu",808967,2026-04-21,823236,95.5,FF,R
"Yamamoto, Yoshinobu",808967,2026-04-21,823236,96.0,FF,R
"Yamamoto, Yoshinobu",808967,2026-04-21,823236,94.7,FF,R
"Yamamoto, Yoshinobu",808967,2026-04-21,823236,94.2,FF,R
"Abbott, Andrew",671096,2026-04-18,823721,91.6,FF,R
"Abbott, Andrew",671096,2026-04-18,823721,91.8,FF,R
"Abbott, Andrew",671096,2026-04-18,823721,91.3,FF,R
"Abbott, Andrew",671096,2026-04-18,823721,91.3,FF,R
"Abbott, Andrew",671096,2026-04-18,823721,91.3,FF,R
"Abbott, Andrew",671096,2026-04-18,823721,90.4,FF,R
"Abbott, Andrew",671096,2026-04-18,823721,90.8,FF,R
"Abbott, Andrew",671096,2026-04-18,823721,90.3,FF,R
"Abbott, Andrew",671096,2026-04-18,823721,91.6,FF,R
"Abbott, Andrew",671096,2026-04-18,823721,92.4,FF,R
"Abbott, Andrew",671096,2026-04-18,823721,91.6,FF,R
"Abbott, Andrew",671096,2026-04-18,823721,91.4,FF,R
"Abbott, Andrew",671096,2026-04-18,823721,91.9,FF,R
"Abbott, Andrew",671096,2026-04-18,823721,91.2,FF,R
"Abbott, Andrew",671096,2026-04-18,823721,91.4,FF,R
"Abbott, Andrew",671096,2026-04-18,823721,91.8,FF,R
"Abbott, Andrew",671096,2026-04-18,823721,90.9,FF,R
"Abbott, Andrew",671096,2026-04-18,823721,90.5,FF,R
"Abbott, Andrew",671096,2026-04-18,823721,92.2,FF,R
"Abbott, Andrew",671096,2026-04-18,823721,90.9,FF,R
"Abbott, Andrew",671096,2026-04-18,823721,90.8,FF,R
"Abbott, Andrew",671096,2026-04-18,823721,91.3,FF,R
"Abbott, Andrew",671096,2026-04-18,823721,92.0,FF,R
"Abbott, Andrew",671096,2026-04-18,823721,90.9,FF,R
"Abbott, Andrew",671096,2026-04-18,823721,90.6,FF,R
"Abbott, Andrew",671096,2026-04-18,823721,90.6,FF,R
"Abbott, Andrew",671096,2026-04-18,823721,90.6,FF,R
"Abbott, Andrew",671096,2026-04-18,823721,92.6,FF,R
"Abbott, Andrew",671096,2026-04-18,823721,92.4,FF,R
"Abbott, Andrew",671096,2026-04-18,823721,92.2,FF,R
"Abbott, Andrew",671096,2026-04-18,823721,91.8,FF,R
"Abbott, Andrew",671096,2026-04-18,823721,91.9,FF,R
"Abbott, Andrew",671096,2026-04-18,823721,90.8,FF,R
"Abbott, Andrew",671096,2026-04-18,823721,91.8,FF,R
"Abbott, Andrew",671096,2026-04-18,823721,91.6,FF,R
"Abbott, Andrew",671096,2026-04-18,823721,92.5,FF,R
"Abbott, Andrew",671096,2026-04-18,823721,92.2,FF,R
"Abbott, Andrew",671096,2026-04-18,823721,92.0,FF,R
"Abbott, Andrew",671096,2026-04-18,823721,90.7,FF,R
"Abbott, Andrew",671096,2026-04-18,823721,92.0,FF,R
"Abbott, Andrew",671096,2026-04-18,823721,91.0,FF,R
"Abbott, Andrew",671096,2026-04-18,823721,91.9,FF,R
"Abbott, Andrew",671096,2026-04-18,823721,92.2,FF,R
"Abbott, Andrew",671096,2026-04-18,823721,91.8,FF,R
"Abbott, Andrew",671096,2026-04-18,823721,91.9,FF,R
"Abbott, Andrew",671096,2026-04-18,823721,91.7,FF,R
"Bibee, Tanner",676440,2026-04-17,824454,95.8,FF,R
"Bibee, Tanner",676440,2026-04-17,824454,95.2,FF,R
"Bibee, Tanner",676440,2026-04-17,824454,95.9,FF,R
"Bibee, Tanner",676440,2026-04-17,824454,93.8,FF,R
"Bibee, Tanner",676440,2026-04-17,824454,94.1,FF,R
"Bibee, Tanner",676440,2026-04-17,824454,93.6,FF,R
"Bibee, Tanner",676440,2026-04-17,824454,94.6,FF,R
"Bibee, Tanner",676440,2026-04-17,824454,95.7,FF,R
"Bibee, Tanner",676440,2026-04-17,824454,94.8,FF,R
"Bibee, Tanner",676440,2026-04-17,824454,94.2,FF,R
"Bibee, Tanner",676440,2026-04-17,824454,93.8,FF,R
"Bibee, Tanner",676440,2026-04-17,824454,94.0,FF,R
"Bibee, Tanner",676440,2026-04-17,824454,94.0,FF,R
"Bibee, Tanner",676440,2026-04-17,824454,95.0,FF,R
"Bibee, Tanner",676440,2026-04-17,824454,94.9,FF,R
"Bibee, Tanner",676440,2026-04-17,824454,94.6,FF,R
"Bibee, Tanner",676440,2026-04-17,824454,95.4,FF,R
"Bibee, Tanner",676440,2026-04-17,824454,94.7,FF,R
"Bibee, Tanner",676440,2026-04-17,824454,94.4,FF,R
"Bibee, Tanner",676440,2026-04-17,824454,95.0,FF,R
"Bibee, Tanner",676440,2026-04-17,824454,94.5,FF,R
"Yamamoto, Yoshinobu",808967,2026-04-14,823965,95.8,FF,R
"Yamamoto, Yoshinobu",808967,2026-04-14,823965,95.5,FF,R
"Yamamoto, Yoshinobu",808967,2026-04-14,823965,95.2,FF,R
"Yamamoto, Yoshinobu",808967,2026-04-14,823965,96.7,FF,R
"Yamamoto, Yoshinobu",808967,2026-04-14,823965,95.9,FF,R
"Yamamoto, Yoshinobu",808967,2026-04-14,823965,96.0,FF,R
"Yamamoto, Yoshinobu",808967,2026-04-14,823965,96.6,FF,R
"Yamamoto, Yoshinobu",808967,2026-04-14,823965,96.5,FF,R
"Yamamoto, Yoshinobu",808967,2026-04-14,823965,96.6,FF,R
"Yamamoto, Yoshinobu",808967,2026-04-14,823965,96.3,FF,R
"Yamamoto, Yoshinobu",808967,2026-04-14,823965,96.0,FF,R
"Yamamoto, Yoshinobu",808967,2026-04-14,823965,96.3,FF,R
"Yamamoto, Yoshinobu",808967,2026-04-14,823965,95.6,FF,R
"Yamamoto, Yoshinobu",808967,2026-04-14,823965,95.7,FF,R
"Yamamoto, Yoshinobu",808967,2026-04-14,823965,95.6,FF,R
"Yamamoto, Yoshinobu",808967,2026-04-14,823965,96.0,FF,R
"Yamamoto, Yoshinobu",808967,2026-04-14,823965,96.1,FF,R
"Yamamoto, Yoshinobu",808967,2026-04-14,823965,95.7,FF,R
"Yamamoto, Yoshinobu",808967,2026-04-14,823965,95.3,FF,R
"Yamamoto, Yoshinobu",808967,2026-04-14,823965,96.9,FF,R
"Bibee, Tanner",676440,2026-04-12,824938,92.9,FF,R
"Bibee, Tanner",676440,2026-04-12,824938,92.9,FF,R
"Bibee, Tanner",676440,2026-04-12,824938,92.6,FF,R
"Bibee, Tanner",676440,2026-04-12,824938,92.6,FF,R
"Bibee, Tanner",676440,2026-04-12,824938,92.9,FF,R
"Bibee, Tanner",676440,2026-04-12,824938,92.5,FF,R
"Bibee, Tanner",676440,2026-04-12,824938,92.9,FF,R
"Bibee, Tanner",676440,2026-04-12,824938,92.9,FF,R
"Abbott, Andrew",671096,2026-04-12,824533,91.2,FF,R
"Bibee, Tanner",676440,2026-04-12,824938,93.6,FF,R
"Abbott, Andrew",671096,2026-04-12,824533,92.0,FF,R
"Abbott, Andrew",671096,2026-04-12,824533,91.5,FF,R
"Bibee, Tanner",676440,2026-04-12,824938,93.6,FF,R
"Abbott, Andrew",671096,2026-04-12,824533,90.4,FF,R
"Abbott, Andrew",671096,2026-04-12,824533,91.5,FF,R
"Abbott, Andrew",671096,2026-04-12,824533,92.1,FF,R
"Abbott, Andrew",671096,2026-04-12,824533,92.0,FF,R
"Bibee, Tanner",676440,2026-04-12,824938,94.5,FF,R
"Bibee, Tanner",676440,2026-04-12,824938,93.5,FF,R
"Abbott, Andrew",671096,2026-04-12,824533,91.8,FF,R
"Bibee, Tanner",676440,2026-04-12,824938,94.1,FF,R
"Abbott, Andrew",671096,2026-04-12,824533,91.8,FF,R
"Bibee, Tanner",676440,2026-04-12,824938,93.0,FF,R
"Bibee, Tanner",676440,2026-04-12,824938,93.6,FF,R
"Abbott, Andrew",671096,2026-04-12,824533,91.8,FF,R
"Abbott, Andrew",671096,2026-04-12,824533,92.7,FF,R
"Bibee, Tanner",676440,2026-04-12,824938,94.8,FF,R
"Abbott, Andrew",671096,2026-04-12,824533,92.9,FF,R
"Abbott, Andrew",671096,2026-04-12,824533,92.5,FF,R
"Bibee, Tanner",676440,2026-04-12,824938,94.0,FF,R
"Bibee, Tanner",676440,2026-04-12,824938,95.4,FF,R
"Abbott, Andrew",671096,2026-04-12,824533,92.9,FF,R
"Abbott, Andrew",671096,2026-04-12,824533,92.3,FF,R
"Bibee, Tanner",676440,2026-04-12,824938,94.2,FF,R
"Bibee, Tanner",676440,2026-04-12,824938,94.8,FF,R
"Bibee, Tanner",676440,2026-04-12,824938,94.5,FF,R
"Abbott, Andrew",671096,2026-04-12,824533,92.6,FF,R
"Bibee, Tanner",676440,2026-04-12,824938,95.4,FF,R
"Abbott, Andrew",671096,2026-04-12,824533,92.7,FF,R
"Bibee, Tanner",676440,2026-04-12,824938,94.8,FF,R
"Abbott, Andrew",671096,2026-04-12,824533,92.2,FF,R
"Abbott, Andrew",671096,2026-04-12,824533,91.4,FF,R
"Abbott, Andrew",671096,2026-04-12,824533,92.0,FF,R
"Abbott, Andrew",671096,2026-04-12,824533,93.0,FF,R
"Abbott, Andrew",671096,2026-04-12,824533,92.4,FF,R
"Bibee, Tanner",676440,2026-04-12,824938,95.6,FF,R
"Abbott, Andrew",671096,2026-04-12,824533,93.6,FF,R
"Abbott, Andrew",671096,2026-04-12,824533,92.6,FF,R
"Bibee, Tanner",676440,2026-04-12,824938,95.9,FF,R
"Bibee, Tanner",676440,2026-04-12,824938,95.2,FF,R
"Abbott, Andrew",671096,2026-04-12,824533,93.3,FF,R
"Bibee, Tanner",676440,2026-04-12,824938,94.4,FF,R
"Abbott, Andrew",671096,2026-04-12,824533,92.8,FF,R
"Bibee, Tanner",676440,2026-04-12,824938,95.7,FF,R
"Abbott, Andrew",671096,2026-04-12,824533,92.8,FF,R
"Abbott, Andrew",671096,2026-04-12,824533,92.8,FF,R
"Abbott, Andrew",671096,2026-04-12,824533,92.9,FF,R
"Abbott, Andrew",671096,2026-04-12,824533,93.0,FF,R
"Abbott, Andrew",671096,2026-04-12,824533,92.4,FF,R
"Bibee, Tanner",676440,2026-04-12,824938,95.1,FF,R
"Abbott, Andrew",671096,2026-04-12,824533,92.8,FF,R
"Bibee, Tanner",676440,2026-04-12,824938,94.4,FF,R
"Abbott, Andrew",671096,2026-04-12,824533,92.1,FF,R
"Abbott, Andrew",671096,2026-04-12,824533,91.2,FF,R
"Yamamoto, Yoshinobu",808967,2026-04-07,822831,96.2,FF,R
"Abbott, Andrew",671096,2026-04-07,823887,92.5,FF,R
"Yamamoto, Yoshinobu",808967,2026-04-07,822831,95.2,FF,R
"Abbott, Andrew",671096,2026-04-07,823887,92.7,FF,R
"Abbott, Andrew",671096,2026-04-07,823887,92.3,FF,R
"Abbott, Andrew",671096,2026-04-07,823887,93.6,FF,R
"Yamamoto, Yoshinobu",808967,2026-04-07,822831,95.9,FF,R
"Abbott, Andrew",671096,2026-04-07,823887,92.3,FF,R
"Yamamoto, Yoshinobu",808967,2026-04-07,822831,95.1,FF,R
"Abbott, Andrew",671096,2026-04-07,823887,91.4,FF,R
"Yamamoto, Yoshinobu",808967,2026-04-07,822831,94.3,FF,R
"Abbott, Andrew",671096,2026-04-07,823887,91.8,FF,R
"Abbott, Andrew",671096,2026-04-07,823887,92.2,FF,R
"Yamamoto, Yoshinobu",808967,2026-04-07,822831,94.9,FF,R
"Abbott, Andrew",671096,2026-04-07,823887,92.9,FF,R
"Yamamoto, Yoshinobu",808967,2026-04-07,822831,95.3,FF,R
"Abbott, Andrew",671096,2026-04-07,823887,92.7,FF,R
"Abbott, Andrew",671096,2026-04-07,823887,92.3,FF,R
"Abbott, Andrew",671096,2026-04-07,823887,92.3,FF,R
"Abbott, Andrew",671096,2026-04-07,823887,92.0,FF,R
"Yamamoto, Yoshinobu",808967,2026-04-07,822831,95.5,FF,R
"Abbott, Andrew",671096,2026-04-07,823887,92.1,FF,R
"Yamamoto, Yoshinobu",808967,2026-04-07,822831,93.9,FF,R
"Yamamoto, Yoshinobu",808967,2026-04-07,822831,95.8,FF,R
"Abbott, Andrew",671096,2026-04-07,823887,91.5,FF,R
"Yamamoto, Yoshinobu",808967,2026-04-07,822831,96.1,FF,R
"Abbott, Andrew",671096,2026-04-07,823887,91.7,FF,R
"Yamamoto, Yoshinobu",808967,2026-04-07,822831,96.3,FF,R
"Yamamoto, Yoshinobu",808967,2026-04-07,822831,96.2,FF,R
"Abbott, Andrew",671096,2026-04-07,823887,92.4,FF,R
"Abbott, Andrew",671096,2026-04-07,823887,92.9,FF,R
"Abbott, Andrew",671096,2026-04-07,823887,93.0,FF,R
"Abbott, Andrew",671096,2026-04-07,823887,92.8,FF,R
"Yamamoto, Yoshinobu",808967,2026-04-07,822831,96.9,FF,R
"Abbott, Andrew",671096,2026-04-07,823887,92.8,FF,R
"Abbott, Andrew",671096,2026-04-07,823887,92.9,FF,R
"Abbott, Andrew",671096,2026-04-07,823887,93.0,FF,R
"Yamamoto, Yoshinobu",808967,2026-04-07,822831,96.2,FF,R
"Abbott, Andrew",671096,2026-04-07,823887,92.7,FF,R
"Yamamoto, Yoshinobu",808967,2026-04-07,822831,95.8,FF,R
"Abbott, Andrew",671096,2026-04-07,823887,92.9,FF,R
"Abbott, Andrew",671096,2026-04-07,823887,94.2,FF,R
"Abbott, Andrew",671096,2026-04-07,823887,93.5,FF,R
"Abbott, Andrew",671096,2026-04-07,823887,94.0,FF,R
"Abbott, Andrew",671096,2026-04-07,823887,93.7,FF,R
"Yamamoto, Yoshinobu",808967,2026-04-07,822831,95.4,FF,R
"Abbott, Andrew",671096,2026-04-07,823887,93.6,FF,R
"Yamamoto, Yoshinobu",808967,2026-04-07,822831,95.4,FF,R
"Yamamoto, Yoshinobu",808967,2026-04-07,822831,94.9,FF,R
"Abbott, Andrew",671096,2026-04-07,823887,91.6,FF,R
"Abbott, Andrew",671096,2026-04-07,823887,91.8,FF,R
"Abbott, Andrew",671096,2026-04-07,823887,92.9,FF,R
"Yamamoto, Yoshinobu",808967,2026-04-07,822831,95.6,FF,R
"Abbott, Andrew",671096,2026-04-07,823887,93.2,FF,R
"Abbott, Andrew",671096,2026-04-07,823887,92.6,FF,R
"Abbott, Andrew",671096,2026-04-07,823887,92.5,FF,R
"Abbott, Andrew",671096,2026-04-07,823887,93.0,FF,R
"Abbott, Andrew",671096,2026-04-07,823887,92.7,FF,R
"Abbott, Andrew",671096,2026-04-07,823887,93.0,FF,R
"Yamamoto, Yoshinobu",808967,2026-04-07,822831,95.7,FF,R
"Abbott, Andrew",671096,2026-04-07,823887,92.2,FF,R
"Yamamoto, Yoshinobu",808967,2026-04-07,822831,95.7,FF,R
"Abbott, Andrew",671096,2026-04-07,823887,94.4,FF,R
"Abbott, Andrew",671096,2026-04-07,823887,93.3,FF,R
"Abbott, Andrew",671096,2026-04-07,823887,93.9,FF,R
"Yamamoto, Yoshinobu",808967,2026-04-07,822831,95.4,FF,R
"Abbott, Andrew",671096,2026-04-07,823887,93.4,FF,R
"Abbott, Andrew",671096,2026-04-07,823887,92.9,FF,R
"Abbott, Andrew",671096,2026-04-07,823887,92.9,FF,R
"Abbott, Andrew",671096,2026-04-07,823887,92.8,FF,R
"Bibee, Tanner",676440,2026-04-06,824456,94.9,FF,R
"Bibee, Tanner",676440,2026-04-06,824456,93.8,FF,R
"Bibee, Tanner",676440,2026-04-06,824456,91.7,FF,R
"Bibee, Tanner",676440,2026-04-06,824456,92.4,FF,R
"Bibee, Tanner",676440,2026-04-06,824456,91.2,FF,R
"Bibee, Tanner",676440,2026-04-06,824456,94.7,FF,R
"Bibee, Tanner",676440,2026-04-06,824456,94.6,FF,R
"Bibee, Tanner",676440,2026-04-06,824456,94.1,FF,R
"Bibee, Tanner",676440,2026-04-06,824456,93.9,FF,R
"Bibee, Tanner",676440,2026-04-06,824456,94.3,FF,R
"Bibee, Tanner",676440,2026-04-06,824456,93.7,FF,R
"Bibee, Tanner",676440,2026-04-06,824456,94.1,FF,R
"Bibee, Tanner",676440,2026-04-06,824456,94.8,FF,R
"Bibee, Tanner",676440,2026-04-06,824456,94.0,FF,R
"Bibee, Tanner",676440,2026-04-06,824456,94.2,FF,R
"Bibee, Tanner",676440,2026-04-06,824456,92.9,FF,R
"Bibee, Tanner",676440,2026-04-06,824456,93.7,FF,R
"Bibee, Tanner",676440,2026-04-06,824456,94.5,FF,R
"Bibee, Tanner",676440,2026-04-06,824456,92.8,FF,R
"Bibee, Tanner",676440,2026-04-06,824456,92.4,FF,R
"Bibee, Tanner",676440,2026-04-06,824456,94.5,FF,R
"Bibee, Tanner",676440,2026-04-06,824456,94.5,FF,R
"Bibee, Tanner",676440,2026-04-06,824456,94.4,FF,R
"Bibee, Tanner",676440,2026-04-06,824456,92.4,FF,R
"Bibee, Tanner",676440,2026-04-06,824456,94.4,FF,R
"Bibee, Tanner",676440,2026-04-06,824456,94.9,FF,R
"Bibee, Tanner",676440,2026-04-06,824456,94.4,FF,R
"Abbott, Andrew",671096,2026-04-01,824536,92.2,FF,R
"Abbott, Andrew",671096,2026-04-01,824536,91.7,FF,R
"Abbott, Andrew",671096,2026-04-01,824536,92.7,FF,R
"Yamamoto, Yoshinobu",808967,2026-04-01,823970,95.4,FF,R
"Abbott, Andrew",671096,2026-04-01,824536,92.9,FF,R
"Yamamoto, Yoshinobu",808967,2026-04-01,823970,95.0,FF,R
"Abbott, Andrew",671096,2026-04-01,824536,92.9,FF,R
"Abbott, Andrew",671096,2026-04-01,824536,92.6,FF,R
"Abbott, Andrew",671096,2026-04-01,824536,93.0,FF,R
"Abbott, Andrew",671096,2026-04-01,824536,91.6,FF,R
"Abbott, Andrew",671096,2026-04-01,824536,92.3,FF,R
"Yamamoto, Yoshinobu",808967,2026-04-01,823970,94.0,FF,R
"Abbott, Andrew",671096,2026-04-01,824536,92.1,FF,R
"Yamamoto, Yoshinobu",808967,2026-04-01,823970,95.3,FF,R
"Yamamoto, Yoshinobu",808967,2026-04-01,823970,95.6,FF,R
"Abbott, Andrew",671096,2026-04-01,824536,93.2,FF,R
"Yamamoto, Yoshinobu",808967,2026-04-01,823970,95.4,FF,R
"Abbott, Andrew",671096,2026-04-01,824536,92.1,FF,R
"Yamamoto, Yoshinobu",808967,2026-04-01,823970,94.8,FF,R
"Abbott, Andrew",671096,2026-04-01,824536,91.4,FF,R
"Yamamoto, Yoshinobu",808967,2026-04-01,823970,95.3,FF,R
"Abbott, Andrew",671096,2026-04-01,824536,91.8,FF,R
"Abbott, Andrew",671096,2026-04-01,824536,91.5,FF,R
"Yamamoto, Yoshinobu",808967,2026-04-01,823970,95.8,FF,R
"Yamamoto, Yoshinobu",808967,2026-04-01,823970,95.6,FF,R
"Abbott, Andrew",671096,2026-04-01,824536,92.5,FF,R
"Abbott, Andrew",671096,2026-04-01,824536,92.4,FF,R
"Abbott, Andrew",671096,2026-04-01,824536,92.4,FF,R
"Yamamoto, Yoshinobu",808967,2026-04-01,823970,94.8,FF,R
"Abbott, Andrew",671096,2026-04-01,824536,92.5,FF,R
"Abbott, Andrew",671096,2026-04-01,824536,92.6,FF,R
"Yamamoto, Yoshinobu",808967,2026-04-01,823970,95.2,FF,R
"Abbott, Andrew",671096,2026-04-01,824536,91.7,FF,R
"Abbott, Andrew",671096,2026-04-01,824536,91.0,FF,R
"Yamamoto, Yoshinobu",808967,2026-04-01,823970,94.2,FF,R
"Abbott, Andrew",671096,2026-04-01,824536,92.0,FF,R
"Yamamoto, Yoshinobu",808967,2026-04-01,823970,96.4,FF,R
"Abbott, Andrew",671096,2026-04-01,824536,92.5,FF,R
"Abbott, Andrew",671096,2026-04-01,824536,92.1,FF,R
"Abbott, Andrew",671096,2026-04-01,824536,92.2,FF,R
"Abbott, Andrew",671096,2026-04-01,824536,92.1,FF,R
"Abbott, Andrew",671096,2026-04-01,824536,91.7,FF,R
"Yamamoto, Yoshinobu",808967,2026-04-01,823970,95.5,FF,R
"Abbott, Andrew",671096,2026-04-01,824536,92.2,FF,R
"Abbott, Andrew",671096,2026-04-01,824536,91.8,FF,R
"Yamamoto, Yoshinobu",808967,2026-04-01,823970,95.2,FF,R
"Yamamoto, Yoshinobu",808967,2026-04-01,823970,96.4,FF,R
"Abbott, Andrew",671096,2026-04-01,824536,92.5,FF,R
"Abbott, Andrew",671096,2026-04-01,824536,92.0,FF,R
"Yamamoto, Yoshinobu",808967,2026-04-01,823970,96.3,FF,R
"Yamamoto, Yoshinobu",808967,2026-04-01,823970,96.4,FF,R
"Abbott, Andrew",671096,2026-04-01,824536,91.4,FF,R
"Abbott, Andrew",671096,2026-04-01,824536,91.6,FF,R
"Yamamoto, Yoshinobu",808967,2026-04-01,823970,95.4,FF,R
"Abbott, Andrew",671096,2026-04-01,824536,92.2,FF,R
"Abbott, Andrew",671096,2026-04-01,824536,93.1,FF,R
"Abbott, Andrew",671096,2026-04-01,824536,92.8,FF,R
"Abbott, Andrew",671096,2026-04-01,824536,93.3,FF,R
"Yamamoto, Yoshinobu",808967,2026-04-01,823970,95.8,FF,R
"Abbott, Andrew",671096,2026-04-01,824536,92.5,FF,R
"Abbott, Andrew",671096,2026-04-01,824536,92.6,FF,R
"Abbott, Andrew",671096,2026-04-01,824536,92.8,FF,R
"Yamamoto, Yoshinobu",808967,2026-04-01,823970,96.4,FF,R
"Abbott, Andrew",671096,2026-04-01,824536,92.6,FF,R
"Abbott, Andrew",671096,2026-04-01,824536,92.5,FF,R
"Yamamoto, Yoshinobu",808967,2026-04-01,823970,95.5,FF,R
"Yamamoto, Yoshinobu",808967,2026-04-01,823970,94.8,FF,R
"Abbott, Andrew",671096,2026-04-01,824536,92.6,FF,R
"Abbott, Andrew",671096,2026-04-01,824536,91.9,FF,R
"Yamamoto, Yoshinobu",808967,2026-04-01,823970,92.0,FF,R
"Bibee, Tanner",676440,2026-03-31,823969,93.6,FF,R
"Bibee, Tanner",676440,2026-03-31,823969,94.1,FF,R
"Bibee, Tanner",676440,2026-03-31,823969,92.1,FF,R
"Bibee, Tanner",676440,2026-03-31,823969,94.3,FF,R
"Bibee, Tanner",676440,2026-03-31,823969,94.7,FF,R
"Bibee, Tanner",676440,2026-03-31,823969,91.6,FF,R
"Bibee, Tanner",676440,2026-03-31,823969,93.4,FF,R
"Bibee, Tanner",676440,2026-03-31,823969,95.2,FF,R
"Bibee, Tanner",676440,2026-03-31,823969,94.7,FF,R
"Bibee, Tanner",676440,2026-03-31,823969,94.1,FF,R
"Bibee, Tanner",676440,2026-03-31,823969,95.9,FF,R
"Bibee, Tanner",676440,2026-03-31,823969,93.4,FF,R
"Bibee, Tanner",676440,2026-03-31,823969,94.9,FF,R
"Bibee, Tanner",676440,2026-03-31,823969,94.6,FF,R
"Bibee, Tanner",676440,2026-03-31,823969,94.5,FF,R
"Bibee, Tanner",676440,2026-03-31,823969,95.0,FF,R
"Yamamoto, Yoshinobu",808967,2026-03-26,823974,95.1,FF,R
"Yamamoto, Yoshinobu",808967,2026-03-26,823974,94.8,FF,R
"Abbott, Andrew",671096,2026-03-26,824541,92.3,FF,R
"Yamamoto, Yoshinobu",808967,2026-03-26,823974,94.2,FF,R
"Abbott, Andrew",671096,2026-03-26,824541,93.0,FF,R
"Abbott, Andrew",671096,2026-03-26,824541,93.2,FF,R
"Bibee, Tanner",676440,2026-03-26,823163,95.3,FF,R
"Bibee, Tanner",676440,2026-03-26,823163,95.4,FF,R
"Abbott, Andrew",671096,2026-03-26,824541,92.8,FF,R
"Abbott, Andrew",671096,2026-03-26,824541,92.0,FF,R
"Yamamoto, Yoshinobu",808967,2026-03-26,823974,94.7,FF,R
"Bibee, Tanner",676440,2026-03-26,823163,94.8,FF,R
"Abbott, Andrew",671096,2026-03-26,824541,92.7,FF,R
"Yamamoto, Yoshinobu",808967,2026-03-26,823974,94.3,FF,R
"Bibee, Tanner",676440,2026-03-26,823163,95.4,FF,R
"Bibee, Tanner",676440,2026-03-26,823163,95.9,FF,R
"Bibee, Tanner",676440,2026-03-26,823163,94.7,FF,R
"Yamamoto, Yoshinobu",808967,2026-03-26,823974,94.3,FF,R
"Bibee, Tanner",676440,2026-03-26,823163,94.5,FF,R
"Bibee, Tanner",676440,2026-03-26,823163,94.2,FF,R
"Abbott, Andrew",671096,2026-03-26,824541,93.8,FF,R
"Abbott, Andrew",671096,2026-03-26,824541,92.9,FF,R
"Yamamoto, Yoshinobu",808967,2026-03-26,823974,95.2,FF,R
"Abbott, Andrew",671096,2026-03-26,824541,92.8,FF,R
"Abbott, Andrew",671096,2026-03-26,824541,93.5,FF,R
"Bibee, Tanner",676440,2026-03-26,823163,93.9,FF,R
"Abbott, Andrew",671096,2026-03-26,824541,90.9,FF,R
"Bibee, Tanner",676440,2026-03-26,823163,94.1,FF,R
"Abbott, Andrew",671096,2026-03-26,824541,92.4,FF,R
"Abbott, Andrew",671096,2026-03-26,824541,92.2,FF,R
"Bibee, Tanner",676440,2026-03-26,823163,93.4,FF,R
"Abbott, Andrew",671096,2026-03-26,824541,92.8,FF,R
"Abbott, Andrew",671096,2026-03-26,824541,92.8,FF,R
"Abbott, Andrew",671096,2026-03-26,824541,91.7,FF,R
"Yamamoto, Yoshinobu",808967,2026-03-26,823974,95.2,FF,R
"Abbott, Andrew",671096,2026-03-26,824541,92.9,FF,R
"Bibee, Tanner",676440,2026-03-26,823163,93.6,FF,R
"Abbott, Andrew",671096,2026-03-26,824541,92.3,FF,R
"Abbott, Andrew",671096,2026-03-26,824541,92.2,FF,R
"Abbott, Andrew",671096,2026-03-26,824541,92.9,FF,R
"Abbott, Andrew",671096,2026-03-26,824541,91.5,FF,R
"Abbott, Andrew",671096,2026-03-26,824541,91.7,FF,R
"Abbott, Andrew",671096,2026-03-26,824541,94.2,FF,R
"Yamamoto, Yoshinobu",808967,2026-03-26,823974,95.5,FF,R
"Abbott, Andrew",671096,2026-03-26,824541,93.6,FF,R
"Bibee, Tanner",676440,2026-03-26,823163,96.0,FF,R
"Abbott, Andrew",671096,2026-03-26,824541,92.9,FF,R
"Abbott, Andrew",671096,2026-03-26,824541,93.6,FF,R
"Yamamoto, Yoshinobu",808967,2026-03-26,823974,95.8,FF,R
"Bibee, Tanner",676440,2026-03-26,823163,94.4,FF,R
"Abbott, Andrew",671096,2026-03-26,824541,93.3,FF,R
"Bibee, Tanner",676440,2026-03-26,823163,93.8,FF,R
"Bibee, Tanner",676440,2026-03-26,823163,91.5,FF,R
"Abbott, Andrew",671096,2026-03-26,824541,92.7,FF,R
"Abbott, Andrew",671096,2026-03-26,824541,93.9,FF,R
"Bibee, Tanner",676440,2026-03-26,823163,94.6,FF,R
"Abbott, Andrew",671096,2026-03-26,824541,93.5,FF,R
"Yamamoto, Yoshinobu",808967,2026-03-26,823974,95.9,FF,R
"Bibee, Tanner",676440,2026-03-26,823163,95.2,FF,R
"Bibee, Tanner",676440,2026-03-26,823163,94.6,FF,R
"Abbott, Andrew",671096,2026-03-26,824541,93.6,FF,R
"Abbott, Andrew",671096,2026-03-26,824541,93.8,FF,R
"Abbott, Andrew",671096,2026-03-26,824541,93.3,FF,R
"Yamamoto, Yoshinobu",808967,2026-03-26,823974,95.8,FF,R
"Bibee, Tanner",676440,2026-03-26,823163,96.1,FF,R
"Abbott, Andrew",671096,2026-03-26,824541,93.9,FF,R
"Abbott, Andrew",671096,2026-03-26,824541,93.5,FF,R
"Yamamoto, Yoshinobu",808967,2026-03-26,823974,96.5,FF,R
"Bibee, Tanner",676440,2026-03-26,823163,94.4,FF,R
"Abbott, Andrew",671096,2026-03-26,824541,93.4,FF,R
"Abbott, Andrew",671096,2026-03-26,824541,93.2,FF,R
"Yamamoto, Yoshinobu",808967,2026-03-26,823974,97.4,FF,R
"Abbott, Andrew",671096,2026-03-26,824541,93.8,FF,R
"Abbott, Andrew",671096,2026-03-26,824541,94.0,FF,R
"Yamamoto, Yoshinobu",808967,2026-03-26,823974,96.6,FF,R
"Yamamoto, Yoshinobu",808967,2026-03-26,823974,96.5,FF,R
"Yamamoto, Yoshinobu",808967,2026-03-26,823974,96.7,FF,R
"Abbott, Andrew",671096,2026-03-26,824541,94.0,FF,R
"Abbott, Andrew",671096,2026-03-26,824541,93.3,FF,R
"Yamamoto, Yoshinobu",808967,2026-03-26,823974,96.5,FF,R
"Yamamoto, Yoshinobu",808967,2026-03-26,823974,97.0,FF,R
"Abbott, Andrew",671096,2026-03-26,824541,93.7,FF,R
"Bibee, Tanner",676440,2026-03-26,823163,94.9,FF,R
"Yamamoto, Yoshinobu",808967,2026-03-26,823974,96.9,FF,R
"Abbott, Andrew",671096,2026-03-26,824541,92.5,FF,R
"Bibee, Tanner",676440,2026-03-26,823163,94.6,FF,R
"Bibee, Tanner",676440,2026-03-26,823163,95.2,FF,R
"Bibee, Tanner",676440,2026-03-26,823163,93.8,FF,R
"Abbott, Andrew",671096,2026-03-26,824541,93.4,FF,R
"Yamamoto, Yoshinobu",808967,2026-03-26,823974,96.1,FF,R
"Bibee, Tanner",676440,2026-03-26,823163,95.0,FF,R
"Abbott, Andrew",671096,2026-03-26,824541,92.5,FF,R
