id,dateOfLoss,yearOfLoss,state,occupancyType,amountPaidOnBuildingClaim,netBuildingPaymentAmount,totalBuildingInsuranceCoverage,buildingDamageAmount,floodEvent,mostRecentPaymentDate,asOfDate
5449062,2024-09-25T00:00:00.000Z,2024,NC,11,4136.17,4136.17,250000,6136.0,Hurricane Helene,2025-04-30T00:00:00.000Z,2026-09-08T00:00:00.000Z
5449299,2024-09-27T00:00:00.000Z,2024,NC,11,,0.0,250000,,Hurricane Helene,,2026-09-08T00:00:00.000Z
5452977,2024-09-26T00:00:00.000Z,2024,NC,11,0.0,0.0,250000,0.0,Hurricane Helene,2025-02-28T00:00:00.000Z,2026-09-08T00:00:00.000Z
5455913,2024-09-27T00:00:00.000Z,2024,NC,11,5713.12,5713.12,250000,6963.0,Hurricane Helene,2024-12-17T00:00:00.000Z,2026-09-08T00:00:00.000Z
5458279,2024-09-27T00:00:00.000Z,2024,NC,11,91155.58,91155.58,250000,81984.0,Hurricane Helene,2025-03-04T00:00:00.000Z,2026-09-08T00:00:00.000Z
5460237,2024-09-27T00:00:00.000Z,2024,NC,11,,0.0,250000,,Hurricane Helene,,2026-09-08T00:00:00.000Z
5461132,2024-09-27T00:00:00.000Z,2024,NC,11,6562.53,6562.53,250000,8557.0,Hurricane Helene,2024-12-15T00:00:00.000Z,2026-09-08T00:00:00.000Z
5464659,2024-09-27T00:00:00.000Z,2024,NC,11,61433.8,61433.8,250000,62684.0,Hurricane Helene,2025-06-15T00:00:00.000Z,2026-09-08T00:00:00.000Z
5466541,2024-09-27T00:00:00.000Z,2024,NC,11,62916.35,62916.35,250000,64166.0,Hurricane Helene,2025-02-16T00:00:00.000Z,2026-09-08T00:00:00.000Z
5471635,2024-09-26T00:00:00.000Z,2024,NC,11,0.0,0.0,250000,3559.0,Hurricane Helene,2025-12-14T00:00:00.000Z,2026-09-08T00:00:00.000Z
5475981,2024-09-27T00:00:00.000Z,2024,NC,11,235000.0,235000.0,250000,231150.0,Hurricane Helene,2025-01-07T00:00:00.000Z,2026-09-08T00:00:00.000Z
5483935,2024-09-27T00:00:00.000Z,2024,NC,11,91946.79,91946.79,250000,89539.0,Hurricane Helene,2024-11-27T00:00:00.000Z,2026-09-08T00:00:00.000Z
5485810,2024-09-27T00:00:00.000Z,2024,NC,11,8871.57,8871.57,250000,10077.0,Hurricane Helene,2025-05-28T00:00:00.000Z,2026-09-08T00:00:00.000Z
5488823,2024-09-27T00:00:00.000Z,2024,NC,11,19314.53,19314.53,250000,20565.0,Hurricane Helene,2025-01-30T00:00:00.000Z,2026-09-08T00:00:00.000Z
5495904,2024-09-27T00:00:00.000Z,2024,NC,11,116008.11,116008.11,250000,110025.0,Hurricane Helene,2025-01-31T00:00:00.000Z,2026-09-08T00:00:00.000Z
5496448,2024-09-27T00:00:00.000Z,2024,NC,11,131531.88,131531.88,250000,136532.0,Hurricane Helene,2024-11-25T00:00:00.000Z,2026-09-08T00:00:00.000Z
5496795,2024-09-27T00:00:00.000Z,2024,NC,11,84350.21,84350.21,250000,76198.0,Hurricane Helene,2025-06-12T00:00:00.000Z,2026-09-08T00:00:00.000Z
5498812,2024-09-28T00:00:00.000Z,2024,NC,11,31609.07,31609.07,250000,30334.0,Hurricane Helene,2025-02-04T00:00:00.000Z,2026-09-08T00:00:00.000Z
5500874,2024-09-26T00:00:00.000Z,2024,NC,11,0.0,0.0,250000,0.0,Hurricane Helene,2024-11-14T00:00:00.000Z,2026-09-08T00:00:00.000Z
5505168,2024-09-28T00:00:00.000Z,2024,NC,11,33831.45,33831.45,250000,35082.0,Hurricane Helene,2025-03-25T00:00:00.000Z,2026-09-08T00:00:00.000Z
5511257,2024-09-26T00:00:00.000Z,2024,NC,11,30367.25,30367.25,250000,29752.0,Hurricane Helene,2025-02-10T00:00:00.000Z,2026-09-08T00:00:00.000Z
5514521,2024-09-27T00:00:00.000Z,2024,NC,11,196537.88,196537.88,250000,153177.0,Hurricane Helene,2025-07-25T00:00:00.000Z,2026-09-08T00:00:00.000Z
5516616,2024-09-27T00:00:00.000Z,2024,NC,11,117293.7,117293.7,250000,108439.0,Hurricane Helene,2025-04-12T00:00:00.000Z,2026-09-08T00:00:00.000Z
5518543,2024-09-27T00:00:00.000Z,2024,NC,11,112097.95,112097.95,250000,113348.0,Hurricane Helene,2025-04-30T00:00:00.000Z,2026-09-08T00:00:00.000Z
5520843,2024-09-27T00:00:00.000Z,2024,NC,11,114507.1,114507.1,250000,106423.0,Hurricane Helene,2025-08-06T00:00:00.000Z,2026-09-08T00:00:00.000Z
5520854,2024-09-27T00:00:00.000Z,2024,NC,11,0.0,0.0,250000,0.0,Hurricane Helene,2024-12-14T00:00:00.000Z,2026-09-08T00:00:00.000Z
5525116,2024-09-27T00:00:00.000Z,2024,NC,11,0.0,0.0,250000,0.0,Hurricane Helene,2024-10-26T00:00:00.000Z,2026-09-08T00:00:00.000Z
5525150,2024-09-27T00:00:00.000Z,2024,NC,11,4480.74,4480.74,250000,5670.0,Hurricane Helene,2025-03-06T00:00:00.000Z,2026-09-08T00:00:00.000Z
5527074,2024-09-27T00:00:00.000Z,2024,NC,11,229971.86,229971.86,250000,213432.0,Hurricane Helene,2025-01-24T00:00:00.000Z,2026-09-08T00:00:00.000Z
5530920,2024-09-28T00:00:00.000Z,2024,NC,11,207137.68,207137.68,250000,201822.0,Hurricane Helene,2025-02-19T00:00:00.000Z,2026-09-08T00:00:00.000Z
5535964,2024-09-27T00:00:00.000Z,2024,NC,11,9542.76,9542.76,250000,14543.0,Hurricane Helene,2025-01-05T00:00:00.000Z,2026-09-08T00:00:00.000Z
5536988,2024-09-26T00:00:00.000Z,2024,NC,11,0.0,0.0,250000,0.0,Hurricane Helene,2024-11-04T00:00:00.000Z,2026-09-08T00:00:00.000Z
5540817,2024-09-26T00:00:00.000Z,2024,NC,11,2495.66,2495.66,250000,7496.0,Hurricane Helene,2025-01-14T00:00:00.000Z,2026-09-08T00:00:00.000Z
5543193,2024-09-27T00:00:00.000Z,2024,NC,11,166000.0,166000.0,250000,180312.0,Hurricane Helene,2025-03-26T00:00:00.000Z,2026-09-08T00:00:00.000Z
5545488,2024-09-27T00:00:00.000Z,2024,NC,11,122738.61,122738.61,250000,114612.0,Hurricane Helene,2024-12-09T00:00:00.000Z,2026-09-08T00:00:00.000Z
5552156,2024-09-26T00:00:00.000Z,2024,NC,11,5002.03,5002.03,250000,6739.0,Hurricane Helene,2024-11-14T00:00:00.000Z,2026-09-08T00:00:00.000Z
5565463,2024-09-27T00:00:00.000Z,2024,NC,11,25600.6,25600.6,250000,28658.0,Hurricane Helene,2024-12-26T00:00:00.000Z,2026-09-08T00:00:00.000Z
5567137,2024-09-27T00:00:00.000Z,2024,NC,11,168908.73,168908.73,250000,145909.0,Hurricane Helene,2025-07-11T00:00:00.000Z,2026-09-08T00:00:00.000Z
5567876,2024-09-26T00:00:00.000Z,2024,NC,11,7803.6,7803.6,250000,9054.0,Hurricane Helene,2024-12-29T00:00:00.000Z,2026-09-08T00:00:00.000Z
5570104,2024-09-27T00:00:00.000Z,2024,NC,11,245862.47,245862.47,250000,188719.0,Hurricane Helene,2025-03-17T00:00:00.000Z,2026-09-08T00:00:00.000Z
5573360,2024-09-27T00:00:00.000Z,2024,NC,11,121495.72,121495.72,250000,123496.0,Hurricane Helene,2024-12-08T00:00:00.000Z,2026-09-08T00:00:00.000Z
5574814,2024-09-27T00:00:00.000Z,2024,NC,11,104949.91,104949.91,250000,99989.0,Hurricane Helene,2025-02-03T00:00:00.000Z,2026-09-08T00:00:00.000Z
5592407,2024-09-27T00:00:00.000Z,2024,NC,11,52213.06,52213.06,250000,53464.0,Hurricane Helene,2025-03-27T00:00:00.000Z,2026-09-08T00:00:00.000Z
5599838,2024-09-27T00:00:00.000Z,2024,NC,11,0.0,0.0,250000,971.0,Hurricane Helene,2024-11-19T00:00:00.000Z,2026-09-08T00:00:00.000Z
5607332,2024-09-27T00:00:00.000Z,2024,NC,11,4772.01,4772.01,250000,6772.0,Hurricane Helene,2025-02-21T00:00:00.000Z,2026-09-08T00:00:00.000Z
5608142,2024-09-27T00:00:00.000Z,2024,NC,11,94419.48,94419.48,250000,99889.0,Hurricane Helene,2025-08-18T00:00:00.000Z,2026-09-08T00:00:00.000Z
5610694,2024-09-27T00:00:00.000Z,2024,NC,11,40947.25,40947.25,250000,40937.0,Hurricane Helene,2025-02-03T00:00:00.000Z,2026-09-08T00:00:00.000Z
5611351,2024-09-27T00:00:00.000Z,2024,NC,11,6553.18,6553.18,250000,11553.0,Hurricane Helene,2024-11-08T00:00:00.000Z,2026-09-08T00:00:00.000Z
5612349,2024-09-27T00:00:00.000Z,2024,NC,11,772.33,772.33,250000,2772.0,Hurricane Helene,2024-11-17T00:00:00.000Z,2026-09-08T00:00:00.000Z
5625819,2024-09-26T00:00:00.000Z,2024,NC,11,164724.44,164724.44,250000,161313.0,Hurricane Helene,2025-05-12T00:00:00.000Z,2026-09-08T00:00:00.000Z
5629244,2024-09-27T00:00:00.000Z,2024,NC,11,233123.63,233123.63,250000,191773.0,Hurricane Helene,2026-04-06T00:00:00.000Z,2026-09-08T00:00:00.000Z
5635189,2024-09-27T00:00:00.000Z,2024,NC,11,,0.0,250000,1019.0,Hurricane Helene,,2026-09-08T00:00:00.000Z
5636335,2024-09-27T00:00:00.000Z,2024,NC,11,169527.63,169527.63,250000,158283.0,Hurricane Helene,2025-12-12T00:00:00.000Z,2026-09-08T00:00:00.000Z
5639632,2024-09-26T00:00:00.000Z,2024,NC,11,96569.58,96569.58,250000,82111.0,Hurricane Helene,2025-07-14T00:00:00.000Z,2026-09-08T00:00:00.000Z
5644383,2024-09-27T00:00:00.000Z,2024,NC,11,,0.0,250000,,Hurricane Helene,,2026-09-08T00:00:00.000Z
5655396,2024-09-26T00:00:00.000Z,2024,NC,11,0.0,0.0,250000,0.0,Hurricane Helene,2025-01-18T00:00:00.000Z,2026-09-08T00:00:00.000Z
5658631,2024-09-30T00:00:00.000Z,2024,NC,11,,0.0,250000,,Hurricane Helene,,2026-09-08T00:00:00.000Z
5664594,2024-09-27T00:00:00.000Z,2024,NC,11,,0.0,250000,,Hurricane Helene,,2026-09-08T00:00:00.000Z
5665289,2024-09-27T00:00:00.000Z,2024,NC,11,0.0,0.0,250000,5362.0,Hurricane Helene,2025-02-10T00:00:00.000Z,2026-09-08T00:00:00.000Z
5665865,2024-09-27T00:00:00.000Z,2024,NC,11,136640.16,136640.16,250000,131931.0,Hurricane Helene,2025-03-10T00:00:00.000Z,2026-09-08T00:00:00.000Z
5669636,2024-09-27T00:00:00.000Z,2024,NC,11,160968.41,160968.41,250000,162219.0,Hurricane Helene,2025-09-22T00:00:00.000Z,2026-09-08T00:00:00.000Z
5670627,2024-09-27T00:00:00.000Z,2024,NC,11,0.0,0.0,250000,0.0,Hurricane Helene,2024-12-19T00:00:00.000Z,2026-09-08T00:00:00.000Z
5679381,2024-09-27T00:00:00.000Z,2024,NC,11,16522.24,16522.24,250000,17772.0,Hurricane Helene,2025-02-25T00:00:00.000Z,2026-09-08T00:00:00.000Z
5691390,2024-09-27T00:00:00.000Z,2024,NC,11,20484.34,20484.34,250000,21734.0,Hurricane Helene,2025-06-23T00:00:00.000Z,2026-09-08T00:00:00.000Z
5693977,2024-09-27T00:00:00.000Z,2024,NC,11,9187.37,9187.37,250000,9582.0,Hurricane Helene,2025-01-10T00:00:00.000Z,2026-09-08T00:00:00.000Z
5694542,2024-09-27T00:00:00.000Z,2024,NC,11,172217.99,172217.99,250000,167234.0,Hurricane Helene,2025-06-04T00:00:00.000Z,2026-09-08T00:00:00.000Z
5700029,2024-09-27T00:00:00.000Z,2024,NC,11,2008.65,2008.65,250000,7009.0,Hurricane Helene,2024-12-09T00:00:00.000Z,2026-09-08T00:00:00.000Z
5703538,2024-09-27T00:00:00.000Z,2024,NC,11,4074.68,4074.68,250000,9022.0,Hurricane Helene,2025-01-08T00:00:00.000Z,2026-09-08T00:00:00.000Z
5707091,2024-09-27T00:00:00.000Z,2024,NC,11,125000.0,125000.0,250000,126612.0,Hurricane Helene,2025-09-25T00:00:00.000Z,2026-09-08T00:00:00.000Z
5709232,2024-09-26T00:00:00.000Z,2024,NC,11,250000.0,250000.0,250000,372628.0,Hurricane Helene,2025-06-24T00:00:00.000Z,2026-09-08T00:00:00.000Z
5714573,2024-09-27T00:00:00.000Z,2024,NC,11,2973.53,2973.53,250000,4974.0,Hurricane Helene,2024-11-20T00:00:00.000Z,2026-09-08T00:00:00.000Z
5718180,2024-09-26T00:00:00.000Z,2024,NC,11,0.0,0.0,250000,0.0,Hurricane Helene,2024-10-08T00:00:00.000Z,2026-09-08T00:00:00.000Z
5719626,2024-09-27T00:00:00.000Z,2024,NC,11,6419.4,6419.4,250000,7669.0,Hurricane Helene,2025-07-25T00:00:00.000Z,2026-09-08T00:00:00.000Z
5727000,2024-09-27T00:00:00.000Z,2024,NC,11,197505.45,197505.45,250000,182826.0,Hurricane Helene,2025-02-27T00:00:00.000Z,2026-09-08T00:00:00.000Z
5729470,2024-09-27T00:00:00.000Z,2024,NC,11,86173.3,86173.3,250000,86314.0,Hurricane Helene,2025-03-06T00:00:00.000Z,2026-09-08T00:00:00.000Z
5734563,2024-09-26T00:00:00.000Z,2024,NC,11,9254.41,9254.41,250000,6110.0,Hurricane Helene,2025-01-14T00:00:00.000Z,2026-09-08T00:00:00.000Z
5735010,2024-09-27T00:00:00.000Z,2024,NC,11,31235.61,31235.61,250000,10130.0,Hurricane Helene,2025-07-29T00:00:00.000Z,2026-09-08T00:00:00.000Z
5742757,2024-09-27T00:00:00.000Z,2024,NC,11,106050.97,106050.97,250000,89206.0,Hurricane Helene,2025-07-29T00:00:00.000Z,2026-09-08T00:00:00.000Z
5744796,2024-09-27T00:00:00.000Z,2024,NC,11,,0.0,250000,,Hurricane Helene,,2026-09-08T00:00:00.000Z
5745669,2024-09-27T00:00:00.000Z,2024,NC,11,25000.0,25000.0,250000,26250.0,Hurricane Helene,2024-12-22T00:00:00.000Z,2026-09-08T00:00:00.000Z
5746086,2024-09-27T00:00:00.000Z,2024,NC,11,18504.32,18504.32,250000,1.0,Hurricane Helene,2025-02-06T00:00:00.000Z,2026-09-08T00:00:00.000Z
5746407,2024-09-27T00:00:00.000Z,2024,NC,11,3432.02,3432.02,250000,4682.0,Hurricane Helene,2025-02-26T00:00:00.000Z,2026-09-08T00:00:00.000Z
5746572,2024-09-27T00:00:00.000Z,2024,NC,11,11942.02,11942.02,250000,13192.0,Hurricane Helene,2025-02-05T00:00:00.000Z,2026-09-08T00:00:00.000Z
5747136,2024-09-27T00:00:00.000Z,2024,NC,11,,0.0,250000,,Hurricane Helene,,2026-09-08T00:00:00.000Z
5748650,2024-09-27T00:00:00.000Z,2024,NC,11,139246.19,139246.19,250000,116878.0,Hurricane Helene,2024-11-27T00:00:00.000Z,2026-09-08T00:00:00.000Z
5748740,2024-09-27T00:00:00.000Z,2024,NC,11,169809.22,169809.22,250000,171059.0,Hurricane Helene,2024-12-19T00:00:00.000Z,2026-09-08T00:00:00.000Z
5752148,2024-09-27T00:00:00.000Z,2024,NC,11,21600.65,21600.65,250000,0.0,Hurricane Helene,2024-12-20T00:00:00.000Z,2026-09-08T00:00:00.000Z
5759128,2024-09-27T00:00:00.000Z,2024,NC,11,0.0,0.0,250000,0.0,Hurricane Helene,2025-01-07T00:00:00.000Z,2026-09-08T00:00:00.000Z
5759359,2024-09-27T00:00:00.000Z,2024,NC,11,196044.51,196044.51,250000,190917.0,Hurricane Helene,2025-02-03T00:00:00.000Z,2026-09-08T00:00:00.000Z
5767095,2024-09-28T00:00:00.000Z,2024,NC,11,84027.13,84027.13,250000,85277.0,Hurricane Helene,2025-02-05T00:00:00.000Z,2026-09-08T00:00:00.000Z
5770828,2024-09-27T00:00:00.000Z,2024,NC,11,19661.23,19661.23,250000,20911.0,Hurricane Helene,2024-11-12T00:00:00.000Z,2026-09-08T00:00:00.000Z
5774344,2024-09-27T00:00:00.000Z,2024,NC,11,73807.61,73807.61,250000,45616.0,Hurricane Helene,2025-03-31T00:00:00.000Z,2026-09-08T00:00:00.000Z
5778584,2024-09-27T00:00:00.000Z,2024,NC,11,58298.29,58298.29,250000,45663.0,Hurricane Helene,2025-01-31T00:00:00.000Z,2026-09-08T00:00:00.000Z
5784065,2024-09-27T00:00:00.000Z,2024,NC,11,1434.55,1434.55,250000,6435.0,Hurricane Helene,2024-11-25T00:00:00.000Z,2026-09-08T00:00:00.000Z
5784113,2024-09-27T00:00:00.000Z,2024,NC,11,115.84,115.84,250000,0.0,Hurricane Helene,2025-03-05T00:00:00.000Z,2026-09-08T00:00:00.000Z
5785541,2024-09-28T00:00:00.000Z,2024,NC,11,4572.4,4572.4,250000,5822.0,Hurricane Helene,2025-01-16T00:00:00.000Z,2026-09-08T00:00:00.000Z
5790552,2024-09-27T00:00:00.000Z,2024,NC,11,111015.04,111015.04,250000,103687.0,Hurricane Helene,2025-02-27T00:00:00.000Z,2026-09-08T00:00:00.000Z
5793069,2024-09-26T00:00:00.000Z,2024,NC,11,0.0,0.0,250000,221.0,Hurricane Helene,2024-12-15T00:00:00.000Z,2026-09-08T00:00:00.000Z
5800065,2024-09-27T00:00:00.000Z,2024,NC,11,188772.0,188772.0,250000,179352.0,Hurricane Helene,2024-12-19T00:00:00.000Z,2026-09-08T00:00:00.000Z
5802694,2024-09-26T00:00:00.000Z,2024,NC,11,6191.3,6191.3,250000,11191.0,Hurricane Helene,2025-01-10T00:00:00.000Z,2026-09-08T00:00:00.000Z
5803786,2024-09-26T00:00:00.000Z,2024,NC,11,0.0,0.0,250000,0.0,Hurricane Helene,2024-11-18T00:00:00.000Z,2026-09-08T00:00:00.000Z
5805074,2024-09-27T00:00:00.000Z,2024,NC,11,17978.41,17978.41,250000,19228.0,Hurricane Helene,2024-11-27T00:00:00.000Z,2026-09-08T00:00:00.000Z
5806527,2024-09-27T00:00:00.000Z,2024,NC,11,6636.34,6636.34,250000,7479.0,Hurricane Helene,2024-12-05T00:00:00.000Z,2026-09-08T00:00:00.000Z
5806935,2024-09-27T00:00:00.000Z,2024,NC,11,193337.79,193337.79,250000,180099.0,Hurricane Helene,2025-02-19T00:00:00.000Z,2026-09-08T00:00:00.000Z
5808017,2024-09-27T00:00:00.000Z,2024,NC,11,97905.8,97905.8,250000,99156.0,Hurricane Helene,2024-12-24T00:00:00.000Z,2026-09-08T00:00:00.000Z
5810544,2024-09-27T00:00:00.000Z,2024,NC,11,205818.76,205818.76,250000,196963.0,Hurricane Helene,2024-12-24T00:00:00.000Z,2026-09-08T00:00:00.000Z
5811847,2024-09-27T00:00:00.000Z,2024,NC,11,203542.49,203542.49,250000,190905.0,Hurricane Helene,2025-08-12T00:00:00.000Z,2026-09-08T00:00:00.000Z
5814191,2024-09-28T00:00:00.000Z,2024,NC,11,23213.27,23213.27,250000,24463.0,Hurricane Helene,2024-12-30T00:00:00.000Z,2026-09-08T00:00:00.000Z
5816071,2024-09-30T00:00:00.000Z,2024,NC,11,54189.34,54189.34,250000,53615.0,Hurricane Helene,2025-01-18T00:00:00.000Z,2026-09-08T00:00:00.000Z
5825148,2024-09-27T00:00:00.000Z,2024,NC,11,0.0,0.0,250000,3558.0,Hurricane Helene,2024-12-04T00:00:00.000Z,2026-09-08T00:00:00.000Z
5827202,2024-09-27T00:00:00.000Z,2024,NC,11,141564.63,141564.63,250000,142814.0,Hurricane Helene,2025-08-11T00:00:00.000Z,2026-09-08T00:00:00.000Z
5829377,2024-09-28T00:00:00.000Z,2024,NC,11,3025.69,3025.69,250000,5026.0,Hurricane Helene,2024-11-17T00:00:00.000Z,2026-09-08T00:00:00.000Z
5833029,2024-09-27T00:00:00.000Z,2024,NC,11,84412.6,84412.6,250000,85663.0,Hurricane Helene,2025-04-21T00:00:00.000Z,2026-09-08T00:00:00.000Z
5833863,2024-09-27T00:00:00.000Z,2024,NC,11,151131.83,151131.83,250000,146701.0,Hurricane Helene,2025-02-12T00:00:00.000Z,2026-09-08T00:00:00.000Z
5834433,2024-09-27T00:00:00.000Z,2024,NC,11,16822.46,16822.46,250000,18072.0,Hurricane Helene,2024-10-30T00:00:00.000Z,2026-09-08T00:00:00.000Z
5848559,2024-09-27T00:00:00.000Z,2024,NC,11,211438.86,211438.86,250000,221439.0,Hurricane Helene,2025-03-14T00:00:00.000Z,2026-09-08T00:00:00.000Z
5852585,2024-09-27T00:00:00.000Z,2024,NC,11,82499.92,82499.92,250000,83750.0,Hurricane Helene,2024-12-27T00:00:00.000Z,2026-09-08T00:00:00.000Z
5856997,2024-09-29T00:00:00.000Z,2024,NC,11,250000.0,250000.0,250000,252400.0,Hurricane Helene,2025-01-22T00:00:00.000Z,2026-09-08T00:00:00.000Z
5857100,2024-09-27T00:00:00.000Z,2024,NC,11,209140.25,209140.25,250000,196106.0,Hurricane Helene,2025-02-28T00:00:00.000Z,2026-09-08T00:00:00.000Z
5858111,2024-09-27T00:00:00.000Z,2024,NC,11,48570.92,48570.92,250000,54576.0,Hurricane Helene,2025-02-07T00:00:00.000Z,2026-09-08T00:00:00.000Z
5859394,2024-09-27T00:00:00.000Z,2024,NC,11,6353.39,6353.39,250000,6140.0,Hurricane Helene,2024-10-22T00:00:00.000Z,2026-09-08T00:00:00.000Z
5863181,2024-09-27T00:00:00.000Z,2024,NC,11,250000.0,250000.0,250000,273979.0,Hurricane Helene,2024-11-07T00:00:00.000Z,2026-09-08T00:00:00.000Z
5869609,2024-09-26T00:00:00.000Z,2024,NC,11,5394.55,5394.55,250000,6645.0,Hurricane Helene,2024-11-08T00:00:00.000Z,2026-09-08T00:00:00.000Z
5870388,2024-09-27T00:00:00.000Z,2024,NC,11,250000.0,250000.0,250000,312142.0,Hurricane Helene,2025-02-26T00:00:00.000Z,2026-09-08T00:00:00.000Z
5872475,2024-09-27T00:00:00.000Z,2024,NC,11,0.0,0.0,250000,0.0,Hurricane Helene,2024-12-10T00:00:00.000Z,2026-09-08T00:00:00.000Z
5874132,2024-09-27T00:00:00.000Z,2024,NC,11,5829.53,5829.53,250000,7080.0,Hurricane Helene,2025-01-15T00:00:00.000Z,2026-09-08T00:00:00.000Z
5877744,2024-09-27T00:00:00.000Z,2024,NC,11,219767.5,219767.5,250000,210444.0,Hurricane Helene,2024-12-27T00:00:00.000Z,2026-09-08T00:00:00.000Z
5879276,2024-09-27T00:00:00.000Z,2024,NC,11,122799.16,122799.16,250000,117985.0,Hurricane Helene,2025-03-13T00:00:00.000Z,2026-09-08T00:00:00.000Z
5879839,2024-09-28T00:00:00.000Z,2024,NC,11,0.0,0.0,250000,1219.0,Hurricane Helene,2025-09-16T00:00:00.000Z,2026-09-08T00:00:00.000Z
5882009,2024-09-27T00:00:00.000Z,2024,NC,11,34355.3,34355.3,250000,34995.0,Hurricane Helene,2024-12-12T00:00:00.000Z,2026-09-08T00:00:00.000Z
5882452,2024-09-27T00:00:00.000Z,2024,NC,11,19391.73,19391.73,250000,23154.0,Hurricane Helene,2025-01-28T00:00:00.000Z,2026-09-08T00:00:00.000Z
5888944,2024-09-27T00:00:00.000Z,2024,NC,11,63194.47,63194.47,250000,68194.0,Hurricane Helene,2024-11-19T00:00:00.000Z,2026-09-08T00:00:00.000Z
5896662,2024-09-27T00:00:00.000Z,2024,NC,11,88956.6,88956.6,250000,90957.0,Hurricane Helene,2025-09-04T00:00:00.000Z,2026-09-08T00:00:00.000Z
5911838,2024-09-27T00:00:00.000Z,2024,NC,11,54187.48,54187.48,250000,56489.0,Hurricane Helene,2025-07-18T00:00:00.000Z,2026-09-08T00:00:00.000Z
5912097,2024-09-27T00:00:00.000Z,2024,NC,11,46433.11,46433.11,250000,48433.0,Hurricane Helene,2024-12-16T00:00:00.000Z,2026-09-08T00:00:00.000Z
5914916,2024-09-27T00:00:00.000Z,2024,NC,11,,0.0,250000,,Hurricane Helene,,2026-09-08T00:00:00.000Z
5929198,2024-09-27T00:00:00.000Z,2024,NC,11,187485.64,187485.64,250000,163148.0,Hurricane Helene,2024-12-30T00:00:00.000Z,2026-09-08T00:00:00.000Z
5937868,2024-09-27T00:00:00.000Z,2024,NC,11,3921.21,3921.21,250000,5046.0,Hurricane Helene,2025-02-04T00:00:00.000Z,2026-09-08T00:00:00.000Z
5940382,2024-09-27T00:00:00.000Z,2024,NC,11,23884.05,23884.05,250000,25885.0,Hurricane Helene,2025-11-18T00:00:00.000Z,2026-09-08T00:00:00.000Z
5941795,2024-09-27T00:00:00.000Z,2024,NC,11,71059.48,71059.48,250000,23527.0,Hurricane Helene,2025-09-16T00:00:00.000Z,2026-09-08T00:00:00.000Z
5942008,2024-09-27T00:00:00.000Z,2024,NC,11,0.0,0.0,250000,0.0,Hurricane Helene,2026-03-27T00:00:00.000Z,2026-09-08T00:00:00.000Z
5944673,2024-09-26T00:00:00.000Z,2024,NC,11,20160.37,20160.37,250000,20640.0,Hurricane Helene,2025-03-03T00:00:00.000Z,2026-09-08T00:00:00.000Z
5947549,2024-09-27T00:00:00.000Z,2024,NC,11,196600.27,196600.27,250000,189628.0,Hurricane Helene,2024-12-23T00:00:00.000Z,2026-09-08T00:00:00.000Z
5947724,2024-09-27T00:00:00.000Z,2024,NC,11,37477.39,37477.39,250000,16187.0,Hurricane Helene,2025-01-10T00:00:00.000Z,2026-09-08T00:00:00.000Z
5954590,2024-09-27T00:00:00.000Z,2024,NC,11,122372.76,122372.76,250000,98623.0,Hurricane Helene,2024-11-29T00:00:00.000Z,2026-09-08T00:00:00.000Z
5958167,2024-09-27T00:00:00.000Z,2024,NC,11,21219.7,21219.7,250000,22470.0,Hurricane Helene,2025-02-02T00:00:00.000Z,2026-09-08T00:00:00.000Z
5958856,2024-09-27T00:00:00.000Z,2024,NC,11,36249.47,36249.47,250000,34166.0,Hurricane Helene,2024-11-22T00:00:00.000Z,2026-09-08T00:00:00.000Z
5960806,2024-09-27T00:00:00.000Z,2024,NC,11,181255.86,181255.86,250000,165608.0,Hurricane Helene,2025-03-13T00:00:00.000Z,2026-09-08T00:00:00.000Z
5961919,2024-09-27T00:00:00.000Z,2024,NC,11,39815.5,39815.5,250000,38247.0,Hurricane Helene,2024-11-20T00:00:00.000Z,2026-09-08T00:00:00.000Z
5963655,2024-09-26T00:00:00.000Z,2024,NC,11,0.0,0.0,250000,0.0,Hurricane Helene,2025-01-10T00:00:00.000Z,2026-09-08T00:00:00.000Z
5969720,2024-09-27T00:00:00.000Z,2024,NC,11,2391.05,2391.05,250000,3640.0,Hurricane Helene,2024-12-28T00:00:00.000Z,2026-09-08T00:00:00.000Z
5970646,2024-09-27T00:00:00.000Z,2024,NC,11,0.0,0.0,250000,,Hurricane Helene,2025-01-23T00:00:00.000Z,2026-09-08T00:00:00.000Z
5971013,2024-09-27T00:00:00.000Z,2024,NC,11,0.0,0.0,250000,3988.0,Hurricane Helene,2024-12-03T00:00:00.000Z,2026-09-08T00:00:00.000Z
5983968,2024-09-28T00:00:00.000Z,2024,NC,11,20458.02,20458.02,250000,17653.0,Hurricane Helene,2025-07-30T00:00:00.000Z,2026-09-08T00:00:00.000Z
5984412,2024-09-27T00:00:00.000Z,2024,NC,11,47082.06,47082.06,250000,45672.0,Hurricane Helene,2025-03-04T00:00:00.000Z,2026-09-08T00:00:00.000Z
5988519,2024-09-27T00:00:00.000Z,2024,NC,11,81913.22,81913.22,250000,69128.0,Hurricane Helene,2025-05-22T00:00:00.000Z,2026-09-08T00:00:00.000Z
5993227,2024-09-27T00:00:00.000Z,2024,NC,11,250000.0,250000.0,250000,239431.0,Hurricane Helene,2025-05-06T00:00:00.000Z,2026-09-08T00:00:00.000Z
5994047,2024-09-27T00:00:00.000Z,2024,NC,11,28656.21,28656.21,250000,29906.0,Hurricane Helene,2025-01-06T00:00:00.000Z,2026-09-08T00:00:00.000Z
5997925,2024-09-27T00:00:00.000Z,2024,NC,11,250000.0,250000.0,250000,459715.0,Hurricane Helene,2025-02-13T00:00:00.000Z,2026-09-08T00:00:00.000Z
5999051,2024-09-27T00:00:00.000Z,2024,NC,11,74949.14,74949.14,250000,72856.0,Hurricane Helene,2025-02-13T00:00:00.000Z,2026-09-08T00:00:00.000Z
6001626,2024-09-26T00:00:00.000Z,2024,NC,11,0.0,0.0,250000,0.0,Hurricane Helene,2024-09-30T00:00:00.000Z,2026-09-08T00:00:00.000Z
6009193,2024-09-27T00:00:00.000Z,2024,NC,11,6273.29,6273.29,250000,8274.0,Hurricane Helene,2025-03-19T00:00:00.000Z,2026-09-08T00:00:00.000Z
6009793,2024-09-27T00:00:00.000Z,2024,NC,11,105583.36,105583.36,250000,106833.0,Hurricane Helene,2025-02-21T00:00:00.000Z,2026-09-08T00:00:00.000Z
6013531,2024-09-26T00:00:00.000Z,2024,NC,11,0.0,0.0,250000,11124.0,Hurricane Helene,2025-05-06T00:00:00.000Z,2026-09-08T00:00:00.000Z
6014876,2024-09-27T00:00:00.000Z,2024,NC,11,178369.88,178369.88,250000,183370.0,Hurricane Helene,2025-05-06T00:00:00.000Z,2026-09-08T00:00:00.000Z
6015116,2024-09-27T00:00:00.000Z,2024,NC,11,235007.64,235007.64,250000,234700.0,Hurricane Helene,2025-09-09T00:00:00.000Z,2026-09-08T00:00:00.000Z
6019655,2024-09-26T00:00:00.000Z,2024,NC,11,94609.0,94609.0,250000,91657.0,Hurricane Helene,2025-01-08T00:00:00.000Z,2026-09-08T00:00:00.000Z
6022496,2024-09-27T00:00:00.000Z,2024,NC,11,99066.44,99066.44,250000,73265.0,Hurricane Helene,2025-09-05T00:00:00.000Z,2026-09-08T00:00:00.000Z
6037255,2024-09-27T00:00:00.000Z,2024,NC,11,136943.13,136943.13,250000,122339.0,Hurricane Helene,2025-03-19T00:00:00.000Z,2026-09-08T00:00:00.000Z
6040392,2024-09-27T00:00:00.000Z,2024,NC,11,3400.87,3400.87,250000,4651.0,Hurricane Helene,2025-03-25T00:00:00.000Z,2026-09-08T00:00:00.000Z
6045982,2024-09-27T00:00:00.000Z,2024,NC,11,15199.79,15199.79,250000,16450.0,Hurricane Helene,2025-01-06T00:00:00.000Z,2026-09-08T00:00:00.000Z
6047235,2024-09-26T00:00:00.000Z,2024,NC,11,0.0,0.0,250000,,Hurricane Helene,2024-12-29T00:00:00.000Z,2026-09-08T00:00:00.000Z
6047986,2024-09-27T00:00:00.000Z,2024,NC,11,,0.0,250000,,Hurricane Helene,,2026-09-08T00:00:00.000Z
6051846,2024-09-30T00:00:00.000Z,2024,NC,11,4231.67,4231.67,250000,6232.0,Hurricane Helene,2024-11-25T00:00:00.000Z,2026-09-08T00:00:00.000Z
6053071,2024-09-27T00:00:00.000Z,2024,NC,11,0.0,0.0,250000,0.0,Hurricane Helene,2025-01-10T00:00:00.000Z,2026-09-08T00:00:00.000Z
6053425,2024-09-28T00:00:00.000Z,2024,NC,11,157104.45,157104.45,250000,129483.0,Hurricane Helene,2025-03-06T00:00:00.000Z,2026-09-08T00:00:00.000Z
6060560,2024-09-26T00:00:00.000Z,2024,NC,11,250000.0,250000.0,250000,220893.0,Hurricane Helene,2025-07-23T00:00:00.000Z,2026-09-08T00:00:00.000Z
6062793,2024-09-27T00:00:00.000Z,2024,NC,11,0.0,0.0,250000,627.0,Hurricane Helene,2025-01-14T00:00:00.000Z,2026-09-08T00:00:00.000Z
6064838,2024-09-27T00:00:00.000Z,2024,NC,11,134459.85,134459.85,250000,139460.0,Hurricane Helene,2026-08-21T00:00:00.000Z,2026-09-08T00:00:00.000Z
6072199,2024-09-28T00:00:00.000Z,2024,NC,11,14981.21,14981.21,250000,14931.0,Hurricane Helene,2024-12-01T00:00:00.000Z,2026-09-08T00:00:00.000Z
6074266,2024-09-28T00:00:00.000Z,2024,NC,11,7326.61,7326.61,250000,8326.0,Hurricane Helene,2025-07-07T00:00:00.000Z,2026-09-08T00:00:00.000Z
6080098,2024-09-27T00:00:00.000Z,2024,NC,11,0.0,0.0,250000,0.0,Hurricane Helene,2025-02-14T00:00:00.000Z,2026-09-08T00:00:00.000Z
6084579,2024-09-28T00:00:00.000Z,2024,NC,11,0.0,0.0,250000,,Hurricane Helene,2024-12-15T00:00:00.000Z,2026-09-08T00:00:00.000Z
6085204,2024-09-26T00:00:00.000Z,2024,NC,11,,0.0,250000,8030.0,Hurricane Helene,,2026-09-08T00:00:00.000Z
6093395,2024-09-27T00:00:00.000Z,2024,NC,11,8039.5,8039.5,250000,13040.0,Hurricane Helene,2024-11-08T00:00:00.000Z,2026-09-08T00:00:00.000Z
6094163,2024-09-27T00:00:00.000Z,2024,NC,11,183110.77,183110.77,250000,163440.0,Hurricane Helene,2025-02-27T00:00:00.000Z,2026-09-08T00:00:00.000Z
6094524,2024-09-27T00:00:00.000Z,2024,NC,11,18638.97,18638.97,250000,11891.0,Hurricane Helene,2024-12-18T00:00:00.000Z,2026-09-08T00:00:00.000Z
6094674,2024-09-26T00:00:00.000Z,2024,NC,11,110026.18,110026.18,250000,95220.0,Hurricane Helene,2025-07-30T00:00:00.000Z,2026-09-08T00:00:00.000Z
6099703,2024-09-26T00:00:00.000Z,2024,NC,11,250000.0,250000.0,250000,296464.0,Hurricane Helene,2024-12-09T00:00:00.000Z,2026-09-08T00:00:00.000Z
6106982,2024-09-28T00:00:00.000Z,2024,NC,11,,0.0,250000,,Hurricane Helene,,2026-09-08T00:00:00.000Z
6110141,2024-09-27T00:00:00.000Z,2024,NC,11,177494.31,177494.31,250000,175559.0,Hurricane Helene,2024-11-08T00:00:00.000Z,2026-09-08T00:00:00.000Z
6110212,2024-09-28T00:00:00.000Z,2024,NC,11,61389.02,61389.02,250000,53505.0,Hurricane Helene,2024-12-05T00:00:00.000Z,2026-09-08T00:00:00.000Z
6110779,2024-09-27T00:00:00.000Z,2024,NC,11,133505.89,133505.89,250000,119863.0,Hurricane Helene,2025-01-13T00:00:00.000Z,2026-09-08T00:00:00.000Z
6112351,2024-09-28T00:00:00.000Z,2024,NC,11,250000.0,250000.0,250000,225644.0,Hurricane Helene,2025-02-27T00:00:00.000Z,2026-09-08T00:00:00.000Z
6121592,2024-09-26T00:00:00.000Z,2024,NC,11,205172.91,205172.91,250000,197782.0,Hurricane Helene,2025-02-03T00:00:00.000Z,2026-09-08T00:00:00.000Z
6125859,2024-09-27T00:00:00.000Z,2024,NC,11,65718.92,65718.92,250000,31220.0,Hurricane Helene,2025-01-15T00:00:00.000Z,2026-09-08T00:00:00.000Z
6127507,2024-09-27T00:00:00.000Z,2024,NC,11,19387.55,19387.55,250000,14873.0,Hurricane Helene,2024-11-26T00:00:00.000Z,2026-09-08T00:00:00.000Z
6128627,2024-09-27T00:00:00.000Z,2024,NC,11,20632.7,20632.7,250000,21883.0,Hurricane Helene,2025-01-31T00:00:00.000Z,2026-09-08T00:00:00.000Z
6129174,2024-09-27T00:00:00.000Z,2024,NC,11,9218.58,9218.58,250000,10469.0,Hurricane Helene,2024-11-14T00:00:00.000Z,2026-09-08T00:00:00.000Z
6132701,2024-09-27T00:00:00.000Z,2024,NC,11,185053.52,185053.52,250000,170232.0,Hurricane Helene,2025-06-02T00:00:00.000Z,2026-09-08T00:00:00.000Z
6133022,2024-09-26T00:00:00.000Z,2024,NC,11,32503.82,32503.82,250000,30261.0,Hurricane Helene,2024-12-05T00:00:00.000Z,2026-09-08T00:00:00.000Z
6133187,2024-09-28T00:00:00.000Z,2024,NC,11,0.0,0.0,250000,0.0,Hurricane Helene,2025-05-07T00:00:00.000Z,2026-09-08T00:00:00.000Z
6137319,2024-09-27T00:00:00.000Z,2024,NC,11,250000.0,250000.0,250000,269640.0,Hurricane Helene,2024-12-17T00:00:00.000Z,2026-09-08T00:00:00.000Z
6137547,2024-09-26T00:00:00.000Z,2024,NC,11,250000.0,250000.0,250000,234100.0,Hurricane Helene,2025-01-02T00:00:00.000Z,2026-09-08T00:00:00.000Z
6142214,2024-09-27T00:00:00.000Z,2024,NC,11,250000.0,250000.0,250000,273230.0,Hurricane Helene,2025-01-31T00:00:00.000Z,2026-09-08T00:00:00.000Z
6145808,2024-09-27T00:00:00.000Z,2024,NC,11,22964.94,22964.94,250000,49930.0,Hurricane Helene,2025-03-04T00:00:00.000Z,2026-09-08T00:00:00.000Z
6146805,2024-09-27T00:00:00.000Z,2024,NC,11,54000.0,54000.0,250000,63108.0,Hurricane Helene,2025-01-23T00:00:00.000Z,2026-09-08T00:00:00.000Z
6148571,2024-09-26T00:00:00.000Z,2024,NC,11,,0.0,250000,0.0,Hurricane Helene,,2026-09-08T00:00:00.000Z
6155264,2024-09-27T00:00:00.000Z,2024,NC,11,250000.0,250000.0,250000,312925.0,Hurricane Helene,2025-05-20T00:00:00.000Z,2026-09-08T00:00:00.000Z
6156377,2024-09-27T00:00:00.000Z,2024,NC,11,250000.0,250000.0,250000,265212.0,Hurricane Helene,2025-07-25T00:00:00.000Z,2026-09-08T00:00:00.000Z
6158865,2024-09-27T00:00:00.000Z,2024,NC,11,250000.0,250000.0,250000,244052.0,Hurricane Helene,2024-11-30T00:00:00.000Z,2026-09-08T00:00:00.000Z
6162829,2024-09-27T00:00:00.000Z,2024,NC,11,202052.07,202052.07,250000,203302.0,Hurricane Helene,2025-07-22T00:00:00.000Z,2026-09-08T00:00:00.000Z
6165055,2024-09-26T00:00:00.000Z,2024,NC,11,30562.1,30562.1,250000,28437.0,Hurricane Helene,2025-03-26T00:00:00.000Z,2026-09-08T00:00:00.000Z
6165895,2024-09-26T00:00:00.000Z,2024,NC,11,,0.0,250000,,Hurricane Helene,,2026-09-08T00:00:00.000Z
6173125,2024-09-27T00:00:00.000Z,2024,NC,11,219822.63,219822.63,250000,185174.0,Hurricane Helene,2025-05-08T00:00:00.000Z,2026-09-08T00:00:00.000Z
6175638,2024-09-27T00:00:00.000Z,2024,NC,11,153059.89,153059.89,250000,137556.0,Hurricane Helene,2026-03-23T00:00:00.000Z,2026-09-08T00:00:00.000Z
6178019,2024-09-27T00:00:00.000Z,2024,NC,11,25237.12,25237.12,250000,25288.0,Hurricane Helene,2024-12-24T00:00:00.000Z,2026-09-08T00:00:00.000Z
6183462,2024-09-27T00:00:00.000Z,2024,NC,11,67218.01,67218.01,250000,69218.0,Hurricane Helene,2025-01-24T00:00:00.000Z,2026-09-08T00:00:00.000Z
6186997,2024-09-27T00:00:00.000Z,2024,NC,11,8694.76,8694.76,250000,10421.0,Hurricane Helene,2025-02-08T00:00:00.000Z,2026-09-08T00:00:00.000Z
6188030,2024-09-27T00:00:00.000Z,2024,NC,11,0.0,0.0,250000,3147.0,Hurricane Helene,2024-12-03T00:00:00.000Z,2026-09-08T00:00:00.000Z
6188125,2024-09-27T00:00:00.000Z,2024,NC,11,,0.0,250000,,Hurricane Helene,,2026-09-08T00:00:00.000Z
6189232,2024-09-27T00:00:00.000Z,2024,NC,11,41049.95,41049.95,250000,42299.0,Hurricane Helene,2025-09-22T00:00:00.000Z,2026-09-08T00:00:00.000Z
6192364,2024-09-27T00:00:00.000Z,2024,NC,11,20291.62,20291.62,250000,19818.0,Hurricane Helene,2025-03-14T00:00:00.000Z,2026-09-08T00:00:00.000Z
6194308,2024-09-27T00:00:00.000Z,2024,NC,11,122686.62,122686.62,250000,123937.0,Hurricane Helene,2024-12-16T00:00:00.000Z,2026-09-08T00:00:00.000Z
6197392,2024-09-27T00:00:00.000Z,2024,NC,11,250000.0,250000.0,250000,225567.0,Hurricane Helene,2025-01-29T00:00:00.000Z,2026-09-08T00:00:00.000Z
6200120,2024-09-27T00:00:00.000Z,2024,NC,11,102991.96,102991.96,250000,104242.0,Hurricane Helene,2025-01-18T00:00:00.000Z,2026-09-08T00:00:00.000Z
6203376,2024-09-26T00:00:00.000Z,2024,NC,11,177238.1,177238.1,250000,168295.0,Hurricane Helene,2025-01-23T00:00:00.000Z,2026-09-08T00:00:00.000Z
6203529,2024-09-27T00:00:00.000Z,2024,NC,11,6702.62,6702.62,250000,7953.0,Hurricane Helene,2024-11-19T00:00:00.000Z,2026-09-08T00:00:00.000Z
6204639,2024-09-27T00:00:00.000Z,2024,NC,11,161342.43,161342.43,250000,147892.0,Hurricane Helene,2025-12-18T00:00:00.000Z,2026-09-08T00:00:00.000Z
6206090,2024-09-27T00:00:00.000Z,2024,NC,11,26587.65,26587.65,250000,25292.0,Hurricane Helene,2025-04-22T00:00:00.000Z,2026-09-08T00:00:00.000Z
6206240,2024-09-26T00:00:00.000Z,2024,NC,11,15790.32,15790.32,250000,18235.0,Hurricane Helene,2025-04-02T00:00:00.000Z,2026-09-08T00:00:00.000Z
6207503,2024-09-27T00:00:00.000Z,2024,NC,11,10170.0,10170.0,250000,10362.0,Hurricane Helene,2025-01-06T00:00:00.000Z,2026-09-08T00:00:00.000Z
6207888,2024-09-28T00:00:00.000Z,2024,NC,11,,0.0,250000,,Hurricane Helene,,2026-09-08T00:00:00.000Z
6211930,2024-09-27T00:00:00.000Z,2024,NC,11,84864.66,84864.66,250000,77840.0,Hurricane Helene,2025-01-15T00:00:00.000Z,2026-09-08T00:00:00.000Z
6216249,2024-09-26T00:00:00.000Z,2024,NC,11,9097.35,9097.35,250000,11097.0,Hurricane Helene,2024-11-11T00:00:00.000Z,2026-09-08T00:00:00.000Z
6227660,2024-09-27T00:00:00.000Z,2024,NC,11,209608.17,209608.17,250000,194121.0,Hurricane Helene,2025-08-05T00:00:00.000Z,2026-09-08T00:00:00.000Z
6236922,2024-09-27T00:00:00.000Z,2024,NC,11,250000.0,250000.0,250000,200252.0,Hurricane Helene,2025-02-04T00:00:00.000Z,2026-09-08T00:00:00.000Z
6241066,2024-09-27T00:00:00.000Z,2024,NC,11,1268.28,1268.28,250000,2518.0,Hurricane Helene,2024-11-11T00:00:00.000Z,2026-09-08T00:00:00.000Z
6251474,2024-09-27T00:00:00.000Z,2024,NC,11,0.0,0.0,250000,,Hurricane Helene,2024-11-18T00:00:00.000Z,2026-09-08T00:00:00.000Z
6257656,2024-09-27T00:00:00.000Z,2024,NC,11,77050.22,77050.22,250000,78300.0,Hurricane Helene,2025-02-10T00:00:00.000Z,2026-09-08T00:00:00.000Z
6258111,2024-09-27T00:00:00.000Z,2024,NC,11,7338.3,7338.3,250000,7464.0,Hurricane Helene,2024-12-24T00:00:00.000Z,2026-09-08T00:00:00.000Z
6265803,2024-09-27T00:00:00.000Z,2024,NC,11,250000.0,250000.0,250000,282369.0,Hurricane Helene,2024-11-22T00:00:00.000Z,2026-09-08T00:00:00.000Z
6269319,2024-09-27T00:00:00.000Z,2024,NC,11,14255.9,14255.9,250000,15506.0,Hurricane Helene,2024-12-19T00:00:00.000Z,2026-09-08T00:00:00.000Z
6270794,2024-09-26T00:00:00.000Z,2024,NC,11,34768.57,34768.57,250000,33753.0,Hurricane Helene,2024-11-15T00:00:00.000Z,2026-09-08T00:00:00.000Z
6271254,2024-09-26T00:00:00.000Z,2024,NC,11,250000.0,250000.0,250000,256359.0,Hurricane Helene,2026-01-15T00:00:00.000Z,2026-09-08T00:00:00.000Z
6278351,2024-09-27T00:00:00.000Z,2024,NC,11,14849.41,14849.41,250000,15264.0,Hurricane Helene,2025-03-05T00:00:00.000Z,2026-09-08T00:00:00.000Z
6280924,2024-09-27T00:00:00.000Z,2024,NC,11,0.0,0.0,250000,0.0,Hurricane Helene,2025-06-17T00:00:00.000Z,2026-09-08T00:00:00.000Z
6284814,2024-09-27T00:00:00.000Z,2024,NC,11,54270.24,54270.24,250000,42875.0,Hurricane Helene,2024-12-11T00:00:00.000Z,2026-09-08T00:00:00.000Z
6285371,2024-09-26T00:00:00.000Z,2024,NC,11,125375.4,125375.4,250000,129666.0,Hurricane Helene,2025-10-06T00:00:00.000Z,2026-09-08T00:00:00.000Z
6288583,2024-09-27T00:00:00.000Z,2024,NC,11,26372.44,26372.44,250000,24715.0,Hurricane Helene,2025-02-27T00:00:00.000Z,2026-09-08T00:00:00.000Z
6289604,2024-09-27T00:00:00.000Z,2024,NC,11,0.0,0.0,250000,7349.0,Hurricane Helene,2024-11-06T00:00:00.000Z,2026-09-08T00:00:00.000Z
6292886,2024-09-26T00:00:00.000Z,2024,NC,11,10357.99,10357.99,250000,11306.0,Hurricane Helene,2025-07-21T00:00:00.000Z,2026-09-08T00:00:00.000Z
6296448,2024-09-27T00:00:00.000Z,2024,NC,11,71159.79,71159.79,250000,73160.0,Hurricane Helene,2025-02-26T00:00:00.000Z,2026-09-08T00:00:00.000Z
6299637,2024-09-27T00:00:00.000Z,2024,NC,11,7372.07,7372.07,250000,8622.0,Hurricane Helene,2025-02-09T00:00:00.000Z,2026-09-08T00:00:00.000Z
6312681,2024-09-26T00:00:00.000Z,2024,NC,11,3923.39,3923.39,250000,4323.0,Hurricane Helene,2025-04-09T00:00:00.000Z,2026-09-08T00:00:00.000Z
6313677,2024-09-27T00:00:00.000Z,2024,NC,11,29669.17,29669.17,250000,31075.0,Hurricane Helene,2025-02-27T00:00:00.000Z,2026-09-08T00:00:00.000Z
6319546,2024-09-27T00:00:00.000Z,2024,NC,11,151587.62,151587.62,250000,141728.0,Hurricane Helene,2024-12-10T00:00:00.000Z,2026-09-08T00:00:00.000Z
6320819,2024-09-26T00:00:00.000Z,2024,NC,11,126016.35,126016.35,250000,114087.0,Hurricane Helene,2025-02-18T00:00:00.000Z,2026-09-08T00:00:00.000Z
6326423,2024-09-27T00:00:00.000Z,2024,NC,11,12601.4,12601.4,250000,13572.0,Hurricane Helene,2025-03-03T00:00:00.000Z,2026-09-08T00:00:00.000Z
6326932,2024-09-27T00:00:00.000Z,2024,NC,11,35184.52,35184.52,250000,32848.0,Hurricane Helene,2025-02-09T00:00:00.000Z,2026-09-08T00:00:00.000Z
6327383,2024-09-27T00:00:00.000Z,2024,NC,11,33271.06,33271.06,250000,26181.0,Hurricane Helene,2025-02-25T00:00:00.000Z,2026-09-08T00:00:00.000Z
6332402,2024-09-27T00:00:00.000Z,2024,NC,11,149812.36,149812.36,250000,151062.0,Hurricane Helene,2024-12-11T00:00:00.000Z,2026-09-08T00:00:00.000Z
6332477,2024-09-27T00:00:00.000Z,2024,NC,11,7338.36,7338.36,250000,8578.0,Hurricane Helene,2025-01-09T00:00:00.000Z,2026-09-08T00:00:00.000Z
6333718,2024-09-27T00:00:00.000Z,2024,NC,11,23980.99,23980.99,250000,19712.0,Hurricane Helene,2024-11-08T00:00:00.000Z,2026-09-08T00:00:00.000Z
6334271,2024-09-27T00:00:00.000Z,2024,NC,11,921.12,921.12,250000,10737.0,Hurricane Helene,2024-11-28T00:00:00.000Z,2026-09-08T00:00:00.000Z
6337751,2024-09-27T00:00:00.000Z,2024,NC,11,17155.41,17155.41,250000,18405.0,Hurricane Helene,2024-12-08T00:00:00.000Z,2026-09-08T00:00:00.000Z
6338397,2024-09-28T00:00:00.000Z,2024,NC,11,112072.43,112072.43,250000,113323.0,Hurricane Helene,2025-05-14T00:00:00.000Z,2026-09-08T00:00:00.000Z
6348162,2024-09-27T00:00:00.000Z,2024,NC,11,78314.64,78314.64,250000,80315.0,Hurricane Helene,2025-08-06T00:00:00.000Z,2026-09-08T00:00:00.000Z
6349531,2024-09-27T00:00:00.000Z,2024,NC,11,202395.21,202395.21,250000,212395.0,Hurricane Helene,2025-02-04T00:00:00.000Z,2026-09-08T00:00:00.000Z
6352945,2024-09-27T00:00:00.000Z,2024,NC,11,115768.53,115768.53,250000,117019.0,Hurricane Helene,2025-02-04T00:00:00.000Z,2026-09-08T00:00:00.000Z
6360802,2024-09-27T00:00:00.000Z,2024,NC,11,32334.35,32334.35,250000,34041.0,Hurricane Helene,2024-11-08T00:00:00.000Z,2026-09-08T00:00:00.000Z
6362403,2024-09-27T00:00:00.000Z,2024,NC,11,30264.27,30264.27,250000,26391.0,Hurricane Helene,2025-01-25T00:00:00.000Z,2026-09-08T00:00:00.000Z
6363966,2024-09-28T00:00:00.000Z,2024,NC,11,23025.99,23025.99,250000,24088.0,Hurricane Helene,2025-08-12T00:00:00.000Z,2026-09-08T00:00:00.000Z
6369498,2024-09-27T00:00:00.000Z,2024,NC,11,2575.83,2575.83,250000,3826.0,Hurricane Helene,2024-12-09T00:00:00.000Z,2026-09-08T00:00:00.000Z
6374786,2024-09-27T00:00:00.000Z,2024,NC,11,63825.12,63825.12,250000,68825.0,Hurricane Helene,2025-01-16T00:00:00.000Z,2026-09-08T00:00:00.000Z
6377168,2024-09-27T00:00:00.000Z,2024,NC,11,116174.88,116174.88,250000,98052.0,Hurricane Helene,2025-01-31T00:00:00.000Z,2026-09-08T00:00:00.000Z
6380573,2024-09-27T00:00:00.000Z,2024,NC,11,160460.48,160460.48,250000,146086.0,Hurricane Helene,2025-11-19T00:00:00.000Z,2026-09-08T00:00:00.000Z
6380768,2024-09-26T00:00:00.000Z,2024,NC,11,92376.92,92376.92,250000,91073.0,Hurricane Helene,2025-02-10T00:00:00.000Z,2026-09-08T00:00:00.000Z
6381179,2024-09-27T00:00:00.000Z,2024,NC,11,10681.47,10681.47,250000,10518.0,Hurricane Helene,2024-11-26T00:00:00.000Z,2026-09-08T00:00:00.000Z
6381457,2024-09-27T00:00:00.000Z,2024,NC,11,48829.26,48829.26,250000,46500.0,Hurricane Helene,2025-01-23T00:00:00.000Z,2026-09-08T00:00:00.000Z
6383858,2024-09-27T00:00:00.000Z,2024,NC,11,100050.21,100050.21,250000,101301.0,Hurricane Helene,2026-04-13T00:00:00.000Z,2026-09-08T00:00:00.000Z
6386122,2024-09-28T00:00:00.000Z,2024,NC,11,0.0,0.0,250000,0.0,Hurricane Helene,2026-01-12T00:00:00.000Z,2026-09-08T00:00:00.000Z
6390632,2024-09-27T00:00:00.000Z,2024,NC,11,18891.44,18891.44,250000,20891.0,Hurricane Helene,2025-10-03T00:00:00.000Z,2026-09-08T00:00:00.000Z
6394187,2024-09-27T00:00:00.000Z,2024,NC,11,7045.59,7045.59,250000,8673.0,Hurricane Helene,2025-03-27T00:00:00.000Z,2026-09-08T00:00:00.000Z
6402774,2024-09-27T00:00:00.000Z,2024,NC,11,28628.52,28628.52,250000,28072.0,Hurricane Helene,2025-03-10T00:00:00.000Z,2026-09-08T00:00:00.000Z
6402794,2024-09-27T00:00:00.000Z,2024,NC,11,45157.41,45157.41,250000,41422.0,Hurricane Helene,2024-12-16T00:00:00.000Z,2026-09-08T00:00:00.000Z
6403833,2024-09-27T00:00:00.000Z,2024,NC,11,150.05,150.05,250000,5150.0,Hurricane Helene,2025-02-21T00:00:00.000Z,2026-09-08T00:00:00.000Z
6406447,2024-09-27T00:00:00.000Z,2024,NC,11,68387.13,68387.13,250000,68442.0,Hurricane Helene,2025-03-04T00:00:00.000Z,2026-09-08T00:00:00.000Z
6407254,2024-09-27T00:00:00.000Z,2024,NC,11,0.0,0.0,250000,3311.0,Hurricane Helene,2024-12-04T00:00:00.000Z,2026-09-08T00:00:00.000Z
6424337,2024-09-27T00:00:00.000Z,2024,NC,11,202379.1,202379.1,250000,176903.0,Hurricane Helene,2025-01-27T00:00:00.000Z,2026-09-08T00:00:00.000Z
6424447,2024-09-27T00:00:00.000Z,2024,NC,11,112553.75,112553.75,250000,107438.0,Hurricane Helene,2024-12-09T00:00:00.000Z,2026-09-08T00:00:00.000Z
6427063,2024-09-26T00:00:00.000Z,2024,NC,11,158861.32,158861.32,250000,480499.0,Hurricane Helene,2025-07-03T00:00:00.000Z,2026-09-08T00:00:00.000Z
6429363,2024-09-26T00:00:00.000Z,2024,NC,11,28224.5,28224.5,250000,29475.0,Hurricane Helene,2025-01-26T00:00:00.000Z,2026-09-08T00:00:00.000Z
6432454,2024-09-27T00:00:00.000Z,2024,NC,11,,0.0,250000,,Hurricane Helene,,2026-09-08T00:00:00.000Z
6456899,2024-09-27T00:00:00.000Z,2024,NC,11,3604.16,3604.16,250000,4854.0,Hurricane Helene,2024-12-15T00:00:00.000Z,2026-09-08T00:00:00.000Z
6458085,2024-09-28T00:00:00.000Z,2024,NC,11,61710.06,61710.06,250000,47453.0,Hurricane Helene,2025-11-19T00:00:00.000Z,2026-09-08T00:00:00.000Z
6460253,2024-09-27T00:00:00.000Z,2024,NC,11,116849.72,116849.72,250000,105146.0,Hurricane Helene,2025-01-31T00:00:00.000Z,2026-09-08T00:00:00.000Z
6461609,2024-09-26T00:00:00.000Z,2024,NC,11,34796.53,34796.53,250000,36047.0,Hurricane Helene,2025-02-28T00:00:00.000Z,2026-09-08T00:00:00.000Z
6465681,2024-09-29T00:00:00.000Z,2024,NC,11,0.0,0.0,250000,4656.0,Hurricane Helene,2025-03-05T00:00:00.000Z,2026-09-08T00:00:00.000Z
6466071,2024-09-27T00:00:00.000Z,2024,NC,11,0.0,0.0,250000,0.0,Hurricane Helene,2024-10-24T00:00:00.000Z,2026-09-08T00:00:00.000Z
6466611,2024-09-27T00:00:00.000Z,2024,NC,11,2500.0,2500.0,250000,192232.0,Hurricane Helene,2024-10-21T00:00:00.000Z,2026-09-08T00:00:00.000Z
6470133,2024-09-27T00:00:00.000Z,2024,NC,11,58955.88,58955.88,250000,54613.0,Hurricane Helene,2025-01-30T00:00:00.000Z,2026-09-08T00:00:00.000Z
6471764,2024-09-27T00:00:00.000Z,2024,NC,11,250000.0,250000.0,250000,280414.0,Hurricane Helene,2024-12-04T00:00:00.000Z,2026-09-08T00:00:00.000Z
6471902,2024-09-27T00:00:00.000Z,2024,NC,11,77995.01,77995.01,250000,78387.0,Hurricane Helene,2025-01-22T00:00:00.000Z,2026-09-08T00:00:00.000Z
6472668,2024-09-27T00:00:00.000Z,2024,NC,11,20249.52,20249.52,250000,24697.0,Hurricane Helene,2024-12-13T00:00:00.000Z,2026-09-08T00:00:00.000Z
6473866,2024-09-27T00:00:00.000Z,2024,NC,11,12190.02,12190.02,250000,13440.0,Hurricane Helene,2024-12-18T00:00:00.000Z,2026-09-08T00:00:00.000Z
6479336,2024-09-27T00:00:00.000Z,2024,NC,11,241.2,241.2,250000,5241.0,Hurricane Helene,2024-12-04T00:00:00.000Z,2026-09-08T00:00:00.000Z
6482140,2024-09-27T00:00:00.000Z,2024,NC,11,27858.65,27858.65,250000,23851.0,Hurricane Helene,2024-12-31T00:00:00.000Z,2026-09-08T00:00:00.000Z
6492818,2024-09-27T00:00:00.000Z,2024,NC,11,189477.22,189477.22,250000,164674.0,Hurricane Helene,2025-03-03T00:00:00.000Z,2026-09-08T00:00:00.000Z
6493862,2024-09-28T00:00:00.000Z,2024,NC,11,0.0,0.0,250000,8515.0,Hurricane Helene,2025-08-27T00:00:00.000Z,2026-09-08T00:00:00.000Z
6500140,2024-09-27T00:00:00.000Z,2024,NC,11,250000.0,250000.0,250000,252500.0,Hurricane Helene,2026-05-01T00:00:00.000Z,2026-09-08T00:00:00.000Z
6507390,2024-09-27T00:00:00.000Z,2024,NC,11,0.0,0.0,250000,225.0,Hurricane Helene,2025-01-24T00:00:00.000Z,2026-09-08T00:00:00.000Z
6511873,2024-09-27T00:00:00.000Z,2024,NC,11,101968.54,101968.54,250000,98566.0,Hurricane Helene,2024-11-19T00:00:00.000Z,2026-09-08T00:00:00.000Z
6518567,2024-09-27T00:00:00.000Z,2024,NC,11,8965.15,8965.15,250000,10033.0,Hurricane Helene,2024-11-11T00:00:00.000Z,2026-09-08T00:00:00.000Z
6520226,2024-09-27T00:00:00.000Z,2024,NC,11,36682.95,36682.95,250000,27926.0,Hurricane Helene,2025-01-18T00:00:00.000Z,2026-09-08T00:00:00.000Z
6527313,2024-09-27T00:00:00.000Z,2024,NC,11,19133.89,19133.89,250000,17040.0,Hurricane Helene,2024-11-26T00:00:00.000Z,2026-09-08T00:00:00.000Z
6531543,2024-09-27T00:00:00.000Z,2024,NC,11,,0.0,250000,,Hurricane Helene,,2026-09-08T00:00:00.000Z
6531691,2024-09-26T00:00:00.000Z,2024,NC,11,12130.84,12130.84,250000,13381.0,Hurricane Helene,2025-03-25T00:00:00.000Z,2026-09-08T00:00:00.000Z
6532258,2024-09-26T00:00:00.000Z,2024,NC,11,,0.0,250000,,Hurricane Helene,,2026-09-08T00:00:00.000Z
6534136,2024-09-27T00:00:00.000Z,2024,NC,11,250000.0,250000.0,250000,260283.0,Hurricane Helene,2025-12-19T00:00:00.000Z,2026-09-08T00:00:00.000Z
6537279,2024-09-27T00:00:00.000Z,2024,NC,11,,0.0,250000,,Hurricane Helene,,2026-09-08T00:00:00.000Z
6541099,2024-09-27T00:00:00.000Z,2024,NC,11,49472.38,49472.38,250000,50722.0,Hurricane Helene,2025-10-07T00:00:00.000Z,2026-09-08T00:00:00.000Z
6549403,2024-09-26T00:00:00.000Z,2024,NC,11,250000.0,250000.0,250000,254545.0,Hurricane Helene,2025-02-19T00:00:00.000Z,2026-09-08T00:00:00.000Z
6550397,2024-09-27T00:00:00.000Z,2024,NC,11,0.0,0.0,250000,0.0,Hurricane Helene,2026-06-15T00:00:00.000Z,2026-09-08T00:00:00.000Z
6553712,2024-09-27T00:00:00.000Z,2024,NC,11,188868.6,188868.6,250000,147889.0,Hurricane Helene,2024-11-05T00:00:00.000Z,2026-09-08T00:00:00.000Z
6565328,2024-09-27T00:00:00.000Z,2024,NC,11,0.0,0.0,250000,950.0,Hurricane Helene,2024-11-22T00:00:00.000Z,2026-09-08T00:00:00.000Z
6567913,2024-09-27T00:00:00.000Z,2024,NC,11,12816.11,12816.11,250000,14066.0,Hurricane Helene,2025-02-18T00:00:00.000Z,2026-09-08T00:00:00.000Z
6568328,2024-09-27T00:00:00.000Z,2024,NC,11,0.0,0.0,250000,0.0,Hurricane Helene,2024-11-13T00:00:00.000Z,2026-09-08T00:00:00.000Z
6573334,2024-09-27T00:00:00.000Z,2024,NC,11,250000.0,250000.0,250000,260154.0,Hurricane Helene,2024-11-11T00:00:00.000Z,2026-09-08T00:00:00.000Z
6578206,2024-09-27T00:00:00.000Z,2024,NC,11,,0.0,250000,,Hurricane Helene,,2026-09-08T00:00:00.000Z
6584456,2024-09-27T00:00:00.000Z,2024,NC,11,105215.83,105215.83,250000,87554.0,Hurricane Helene,2025-03-30T00:00:00.000Z,2026-09-08T00:00:00.000Z
6584514,2024-09-27T00:00:00.000Z,2024,NC,11,250000.0,250000.0,250000,246143.0,Hurricane Helene,2026-04-02T00:00:00.000Z,2026-09-08T00:00:00.000Z
6592308,2024-09-26T00:00:00.000Z,2024,NC,11,4070.27,4070.27,250000,6066.0,Hurricane Helene,2025-02-04T00:00:00.000Z,2026-09-08T00:00:00.000Z
6595075,2024-09-27T00:00:00.000Z,2024,NC,11,0.0,0.0,250000,0.0,Hurricane Helene,2024-11-06T00:00:00.000Z,2026-09-08T00:00:00.000Z
6598611,2024-09-27T00:00:00.000Z,2024,NC,11,10186.44,10186.44,250000,20186.0,Hurricane Helene,2025-01-03T00:00:00.000Z,2026-09-08T00:00:00.000Z
6599412,2024-09-27T00:00:00.000Z,2024,NC,11,15123.08,15123.08,250000,8822.0,Hurricane Helene,2025-06-18T00:00:00.000Z,2026-09-08T00:00:00.000Z
6599468,2024-09-27T00:00:00.000Z,2024,NC,11,0.0,0.0,250000,0.0,Hurricane Helene,2024-11-18T00:00:00.000Z,2026-09-08T00:00:00.000Z
6604811,2024-09-27T00:00:00.000Z,2024,NC,11,2590.96,2590.96,250000,3811.0,Hurricane Helene,2025-01-18T00:00:00.000Z,2026-09-08T00:00:00.000Z
6607343,2024-09-27T00:00:00.000Z,2024,NC,11,1884.67,1884.67,250000,3135.0,Hurricane Helene,2024-11-21T00:00:00.000Z,2026-09-08T00:00:00.000Z
6607723,2024-09-27T00:00:00.000Z,2024,NC,11,14759.94,14759.94,250000,15375.0,Hurricane Helene,2025-01-03T00:00:00.000Z,2026-09-08T00:00:00.000Z
6609387,2024-09-27T00:00:00.000Z,2024,NC,11,196799.34,196799.34,250000,189571.0,Hurricane Helene,2026-08-18T00:00:00.000Z,2026-09-08T00:00:00.000Z
6613103,2024-09-28T00:00:00.000Z,2024,NC,11,0.0,0.0,250000,0.0,Hurricane Helene,2024-11-10T00:00:00.000Z,2026-09-08T00:00:00.000Z
6616406,2024-09-27T00:00:00.000Z,2024,NC,11,8759.58,8759.58,250000,9640.0,Hurricane Helene,2025-02-04T00:00:00.000Z,2026-09-08T00:00:00.000Z
6617645,2024-09-27T00:00:00.000Z,2024,NC,11,24072.46,24072.46,250000,25322.0,Hurricane Helene,2025-02-12T00:00:00.000Z,2026-09-08T00:00:00.000Z
6618450,2024-09-27T00:00:00.000Z,2024,NC,11,19947.36,19947.36,250000,15334.0,Hurricane Helene,2025-02-19T00:00:00.000Z,2026-09-08T00:00:00.000Z
6620204,2024-09-26T00:00:00.000Z,2024,NC,11,44544.71,44544.71,250000,45795.0,Hurricane Helene,2025-01-07T00:00:00.000Z,2026-09-08T00:00:00.000Z
6623715,2024-09-27T00:00:00.000Z,2024,NC,11,18707.07,18707.07,250000,14803.0,Hurricane Helene,2024-12-05T00:00:00.000Z,2026-09-08T00:00:00.000Z
6628538,2024-09-27T00:00:00.000Z,2024,NC,11,12558.39,12558.39,250000,13808.0,Hurricane Helene,2024-12-15T00:00:00.000Z,2026-09-08T00:00:00.000Z
6630579,2024-09-27T00:00:00.000Z,2024,NC,11,250000.0,250000.0,250000,675944.0,Hurricane Helene,2025-04-24T00:00:00.000Z,2026-09-08T00:00:00.000Z
6630851,2024-09-26T00:00:00.000Z,2024,NC,11,4199.67,4199.67,250000,5450.0,Hurricane Helene,2024-12-15T00:00:00.000Z,2026-09-08T00:00:00.000Z
6641038,2024-09-27T00:00:00.000Z,2024,NC,11,111302.85,111302.85,250000,121302.0,Hurricane Helene,2025-02-18T00:00:00.000Z,2026-09-08T00:00:00.000Z
6644591,2024-09-27T00:00:00.000Z,2024,NC,11,133087.4,133087.4,250000,134338.0,Hurricane Helene,2025-03-09T00:00:00.000Z,2026-09-08T00:00:00.000Z
6650337,2024-09-26T00:00:00.000Z,2024,NC,11,37615.99,37615.99,250000,36837.0,Hurricane Helene,2025-02-26T00:00:00.000Z,2026-09-08T00:00:00.000Z
6651858,2024-09-28T00:00:00.000Z,2024,NC,11,21211.55,21211.55,250000,22462.0,Hurricane Helene,2025-04-09T00:00:00.000Z,2026-09-08T00:00:00.000Z
6652260,2024-09-27T00:00:00.000Z,2024,NC,11,99599.49,99599.49,250000,91307.0,Hurricane Helene,2024-11-18T00:00:00.000Z,2026-09-08T00:00:00.000Z
6653910,2024-09-27T00:00:00.000Z,2024,NC,11,171157.31,171157.31,250000,309201.0,Hurricane Helene,2025-03-18T00:00:00.000Z,2026-09-08T00:00:00.000Z
6654170,2024-09-27T00:00:00.000Z,2024,NC,11,31386.3,31386.3,250000,26442.0,Hurricane Helene,2024-12-19T00:00:00.000Z,2026-09-08T00:00:00.000Z
6654363,2024-09-27T00:00:00.000Z,2024,NC,11,,0.0,250000,,Hurricane Helene,,2026-09-08T00:00:00.000Z
6658769,2024-09-26T00:00:00.000Z,2024,NC,11,250000.0,250000.0,250000,303026.0,Hurricane Helene,2025-02-23T00:00:00.000Z,2026-09-08T00:00:00.000Z
6660179,2024-09-26T00:00:00.000Z,2024,NC,11,0.0,0.0,250000,0.0,Hurricane Helene,2025-01-02T00:00:00.000Z,2026-09-08T00:00:00.000Z
6670552,2024-09-28T00:00:00.000Z,2024,NC,11,0.0,0.0,250000,281.0,Hurricane Helene,2025-06-15T00:00:00.000Z,2026-09-08T00:00:00.000Z
6679083,2024-09-27T00:00:00.000Z,2024,NC,11,226699.04,226699.04,250000,202949.0,Hurricane Helene,2025-02-04T00:00:00.000Z,2026-09-08T00:00:00.000Z
6681040,2024-09-26T00:00:00.000Z,2024,NC,11,0.0,0.0,250000,,Hurricane Helene,2024-11-17T00:00:00.000Z,2026-09-08T00:00:00.000Z
6682692,2024-09-27T00:00:00.000Z,2024,NC,11,133142.56,133142.56,250000,135143.0,Hurricane Helene,2025-03-05T00:00:00.000Z,2026-09-08T00:00:00.000Z
6689195,2024-09-27T00:00:00.000Z,2024,NC,11,28245.96,28245.96,250000,29496.0,Hurricane Helene,2024-11-04T00:00:00.000Z,2026-09-08T00:00:00.000Z
6695173,2024-09-27T00:00:00.000Z,2024,NC,11,93096.41,93096.41,250000,94346.0,Hurricane Helene,2025-10-15T00:00:00.000Z,2026-09-08T00:00:00.000Z
6702953,2024-09-27T00:00:00.000Z,2024,NC,11,149272.25,149272.25,250000,131917.0,Hurricane Helene,2025-03-13T00:00:00.000Z,2026-09-08T00:00:00.000Z
6705588,2024-09-27T00:00:00.000Z,2024,NC,11,9478.09,9478.09,250000,0.0,Hurricane Helene,2025-02-05T00:00:00.000Z,2026-09-08T00:00:00.000Z
6708525,2024-09-26T00:00:00.000Z,2024,NC,11,157071.38,157071.38,250000,161071.0,Hurricane Helene,2026-05-04T00:00:00.000Z,2026-09-08T00:00:00.000Z
6711920,2024-09-27T00:00:00.000Z,2024,NC,11,0.0,0.0,250000,0.0,Hurricane Helene,2024-11-19T00:00:00.000Z,2026-09-08T00:00:00.000Z
6729434,2024-09-26T00:00:00.000Z,2024,NC,11,11728.63,11728.63,250000,12746.0,Hurricane Helene,2025-01-06T00:00:00.000Z,2026-09-08T00:00:00.000Z
6731966,2024-09-27T00:00:00.000Z,2024,NC,11,33057.99,33057.99,250000,30859.0,Hurricane Helene,2025-06-06T00:00:00.000Z,2026-09-08T00:00:00.000Z
6732332,2024-09-27T00:00:00.000Z,2024,NC,11,34919.62,34919.62,250000,24951.0,Hurricane Helene,2025-02-20T00:00:00.000Z,2026-09-08T00:00:00.000Z
6732897,2024-09-27T00:00:00.000Z,2024,NC,11,123387.7,123387.7,250000,117777.0,Hurricane Helene,2025-09-09T00:00:00.000Z,2026-09-08T00:00:00.000Z
6735037,2024-09-26T00:00:00.000Z,2024,NC,11,0.0,0.0,250000,4846.0,Hurricane Helene,2024-11-30T00:00:00.000Z,2026-09-08T00:00:00.000Z
6746062,2024-09-26T00:00:00.000Z,2024,NC,11,44594.46,44594.46,250000,48427.0,Hurricane Helene,2025-06-03T00:00:00.000Z,2026-09-08T00:00:00.000Z
6750695,2024-09-27T00:00:00.000Z,2024,NC,11,78718.87,78718.87,250000,66423.0,Hurricane Helene,2025-01-22T00:00:00.000Z,2026-09-08T00:00:00.000Z
6751592,2024-09-27T00:00:00.000Z,2024,NC,11,250000.0,250000.0,250000,221335.0,Hurricane Helene,2024-11-26T00:00:00.000Z,2026-09-08T00:00:00.000Z
6760086,2024-09-26T00:00:00.000Z,2024,NC,11,112347.17,112347.17,250000,109398.0,Hurricane Helene,2025-07-09T00:00:00.000Z,2026-09-08T00:00:00.000Z
6763269,2024-09-27T00:00:00.000Z,2024,NC,11,39398.19,39398.19,250000,40648.0,Hurricane Helene,2025-01-31T00:00:00.000Z,2026-09-08T00:00:00.000Z
6774161,2024-09-27T00:00:00.000Z,2024,NC,11,5833.87,5833.87,250000,7834.0,Hurricane Helene,2025-01-07T00:00:00.000Z,2026-09-08T00:00:00.000Z
6774209,2024-09-27T00:00:00.000Z,2024,NC,11,23446.76,23446.76,250000,23899.0,Hurricane Helene,2025-01-08T00:00:00.000Z,2026-09-08T00:00:00.000Z
6775214,2024-09-27T00:00:00.000Z,2024,NC,11,,0.0,250000,,Hurricane Helene,,2026-09-08T00:00:00.000Z
6775691,2024-09-27T00:00:00.000Z,2024,NC,11,61902.87,61902.87,250000,57586.0,Hurricane Helene,2025-08-07T00:00:00.000Z,2026-09-08T00:00:00.000Z
6775920,2024-09-26T00:00:00.000Z,2024,NC,11,0.0,0.0,250000,0.0,Hurricane Helene,2025-02-05T00:00:00.000Z,2026-09-08T00:00:00.000Z
6777017,2024-09-27T00:00:00.000Z,2024,NC,11,15053.24,15053.24,250000,16303.0,Hurricane Helene,2025-02-19T00:00:00.000Z,2026-09-08T00:00:00.000Z
6780149,2024-09-27T00:00:00.000Z,2024,NC,11,10086.46,10086.46,250000,6897.0,Hurricane Helene,2025-02-27T00:00:00.000Z,2026-09-08T00:00:00.000Z
6784366,2024-09-27T00:00:00.000Z,2024,NC,11,36909.5,36909.5,250000,34767.0,Hurricane Helene,2025-02-12T00:00:00.000Z,2026-09-08T00:00:00.000Z
6785913,2024-09-27T00:00:00.000Z,2024,NC,11,250000.0,250000.0,250000,155995.0,Hurricane Helene,2025-01-31T00:00:00.000Z,2026-09-08T00:00:00.000Z
6790471,2024-09-27T00:00:00.000Z,2024,NC,11,3180.65,3180.65,250000,4431.0,Hurricane Helene,2025-01-23T00:00:00.000Z,2026-09-08T00:00:00.000Z
6795036,2024-09-27T00:00:00.000Z,2024,NC,11,0.0,0.0,250000,0.0,Hurricane Helene,2024-10-30T00:00:00.000Z,2026-09-08T00:00:00.000Z
6796236,2024-09-27T00:00:00.000Z,2024,NC,11,3014.48,3014.48,250000,4264.0,Hurricane Helene,2025-06-24T00:00:00.000Z,2026-09-08T00:00:00.000Z
6798547,2024-09-26T00:00:00.000Z,2024,NC,11,119280.17,119280.17,250000,116213.0,Hurricane Helene,2026-03-05T00:00:00.000Z,2026-09-08T00:00:00.000Z
6800556,2024-09-27T00:00:00.000Z,2024,NC,11,58792.23,58792.23,250000,57395.0,Hurricane Helene,2024-12-30T00:00:00.000Z,2026-09-08T00:00:00.000Z
6805471,2024-09-27T00:00:00.000Z,2024,NC,11,1143.72,1143.72,250000,1969.0,Hurricane Helene,2025-01-24T00:00:00.000Z,2026-09-08T00:00:00.000Z
6806530,2024-09-27T00:00:00.000Z,2024,NC,11,250000.0,250000.0,250000,273541.0,Hurricane Helene,2025-01-29T00:00:00.000Z,2026-09-08T00:00:00.000Z
6822608,2024-09-27T00:00:00.000Z,2024,NC,11,174928.42,174928.42,250000,169102.0,Hurricane Helene,2024-11-18T00:00:00.000Z,2026-09-08T00:00:00.000Z
6822881,2024-09-27T00:00:00.000Z,2024,NC,11,11432.05,11432.05,250000,13432.0,Hurricane Helene,2025-06-03T00:00:00.000Z,2026-09-08T00:00:00.000Z
6824599,2024-09-27T00:00:00.000Z,2024,NC,11,0.0,0.0,250000,31220.0,Hurricane Helene,2025-01-09T00:00:00.000Z,2026-09-08T00:00:00.000Z
6829464,2024-09-27T00:00:00.000Z,2024,NC,11,102059.6,102059.6,250000,97956.0,Hurricane Helene,2025-03-11T00:00:00.000Z,2026-09-08T00:00:00.000Z
6833041,2024-09-27T00:00:00.000Z,2024,NC,11,23368.71,23368.71,250000,24171.0,Hurricane Helene,2025-04-04T00:00:00.000Z,2026-09-08T00:00:00.000Z
6833320,2024-09-27T00:00:00.000Z,2024,NC,11,28861.69,28861.69,250000,30112.0,Hurricane Helene,2025-08-20T00:00:00.000Z,2026-09-08T00:00:00.000Z
6833692,2024-09-27T00:00:00.000Z,2024,NC,11,98298.4,98298.4,250000,94039.0,Hurricane Helene,2025-03-02T00:00:00.000Z,2026-09-08T00:00:00.000Z
6837129,2024-09-27T00:00:00.000Z,2024,NC,11,7437.53,7437.53,250000,9438.0,Hurricane Helene,2025-02-03T00:00:00.000Z,2026-09-08T00:00:00.000Z
6838988,2024-09-26T00:00:00.000Z,2024,NC,11,12794.91,12794.91,250000,11033.0,Hurricane Helene,2025-01-06T00:00:00.000Z,2026-09-08T00:00:00.000Z
6844122,2024-09-27T00:00:00.000Z,2024,NC,11,32792.93,32792.93,250000,28967.0,Hurricane Helene,2025-01-16T00:00:00.000Z,2026-09-08T00:00:00.000Z
6845324,2024-09-26T00:00:00.000Z,2024,NC,11,114885.43,114885.43,250000,110335.0,Hurricane Helene,2026-01-27T00:00:00.000Z,2026-09-08T00:00:00.000Z
6845794,2024-09-28T00:00:00.000Z,2024,NC,11,164058.94,164058.94,250000,153278.0,Hurricane Helene,2026-08-21T00:00:00.000Z,2026-09-08T00:00:00.000Z
6847094,2024-09-27T00:00:00.000Z,2024,NC,11,,0.0,250000,,Hurricane Helene,,2026-09-08T00:00:00.000Z
6859878,2024-09-28T00:00:00.000Z,2024,NC,11,6144.25,6144.25,250000,7394.0,Hurricane Helene,2024-11-08T00:00:00.000Z,2026-09-08T00:00:00.000Z
6860428,2024-09-27T00:00:00.000Z,2024,NC,11,4522.44,4522.44,250000,5772.0,Hurricane Helene,2024-12-05T00:00:00.000Z,2026-09-08T00:00:00.000Z
6860782,2024-09-27T00:00:00.000Z,2024,NC,11,18294.33,18294.33,250000,18404.0,Hurricane Helene,2024-12-25T00:00:00.000Z,2026-09-08T00:00:00.000Z
6865760,2024-09-27T00:00:00.000Z,2024,NC,11,229502.93,229502.93,250000,214374.0,Hurricane Helene,2025-01-25T00:00:00.000Z,2026-09-08T00:00:00.000Z
6873103,2024-09-27T00:00:00.000Z,2024,NC,11,20785.09,20785.09,250000,22035.0,Hurricane Helene,2025-02-27T00:00:00.000Z,2026-09-08T00:00:00.000Z
6877679,2024-09-27T00:00:00.000Z,2024,NC,11,,0.0,250000,,Hurricane Helene,,2026-09-08T00:00:00.000Z
6879999,2024-09-27T00:00:00.000Z,2024,NC,11,250000.0,250000.0,250000,265987.0,Hurricane Helene,2025-02-27T00:00:00.000Z,2026-09-08T00:00:00.000Z
6884245,2024-09-27T00:00:00.000Z,2024,NC,11,112855.54,112855.54,250000,114106.0,Hurricane Helene,2025-01-24T00:00:00.000Z,2026-09-08T00:00:00.000Z
6885413,2024-09-26T00:00:00.000Z,2024,NC,11,,0.0,250000,,Hurricane Helene,,2026-09-08T00:00:00.000Z
6889143,2024-09-27T00:00:00.000Z,2024,NC,11,159.54,159.54,250000,1410.0,Hurricane Helene,2025-11-03T00:00:00.000Z,2026-09-08T00:00:00.000Z
6893339,2024-09-27T00:00:00.000Z,2024,NC,11,191454.27,191454.27,250000,193454.0,Hurricane Helene,2025-01-24T00:00:00.000Z,2026-09-08T00:00:00.000Z
6894958,2024-09-27T00:00:00.000Z,2024,NC,11,2303.19,2303.19,250000,7303.0,Hurricane Helene,2024-12-17T00:00:00.000Z,2026-09-08T00:00:00.000Z
6895599,2024-09-27T00:00:00.000Z,2024,NC,11,3645.53,3645.53,250000,5646.0,Hurricane Helene,2025-02-27T00:00:00.000Z,2026-09-08T00:00:00.000Z
6899046,2024-09-27T00:00:00.000Z,2024,NC,11,250000.0,250000.0,250000,222551.0,Hurricane Helene,2024-12-14T00:00:00.000Z,2026-09-08T00:00:00.000Z
6899332,2024-09-27T00:00:00.000Z,2024,NC,11,4671.33,4671.33,250000,6671.0,Hurricane Helene,2024-12-05T00:00:00.000Z,2026-09-08T00:00:00.000Z
6911958,2024-09-26T00:00:00.000Z,2024,NC,11,91356.6,91356.6,250000,58932.0,Hurricane Helene,2025-09-26T00:00:00.000Z,2026-09-08T00:00:00.000Z
6912547,2024-09-26T00:00:00.000Z,2024,NC,11,23983.01,23983.01,250000,2500.0,Hurricane Helene,2024-12-17T00:00:00.000Z,2026-09-08T00:00:00.000Z
6912610,2024-09-26T00:00:00.000Z,2024,NC,11,5468.35,5468.35,250000,7262.0,Hurricane Helene,2025-01-22T00:00:00.000Z,2026-09-08T00:00:00.000Z
6921650,2024-09-27T00:00:00.000Z,2024,NC,11,9767.34,9767.34,250000,10044.0,Hurricane Helene,2025-01-28T00:00:00.000Z,2026-09-08T00:00:00.000Z
6924182,2024-09-27T00:00:00.000Z,2024,NC,11,39098.92,39098.92,250000,36690.0,Hurricane Helene,2025-03-24T00:00:00.000Z,2026-09-08T00:00:00.000Z
6925847,2024-09-27T00:00:00.000Z,2024,NC,11,0.0,0.0,250000,,Hurricane Helene,2025-01-10T00:00:00.000Z,2026-09-08T00:00:00.000Z
6926305,2024-09-27T00:00:00.000Z,2024,NC,11,0.0,0.0,250000,0.0,Hurricane Helene,2024-12-16T00:00:00.000Z,2026-09-08T00:00:00.000Z
6934183,2024-09-27T00:00:00.000Z,2024,NC,11,62124.76,62124.76,250000,58634.0,Hurricane Helene,2024-12-28T00:00:00.000Z,2026-09-08T00:00:00.000Z
6934750,2024-09-27T00:00:00.000Z,2024,NC,11,0.0,0.0,250000,0.0,Hurricane Helene,2025-01-10T00:00:00.000Z,2026-09-08T00:00:00.000Z
6935499,2024-09-27T00:00:00.000Z,2024,NC,11,40445.18,40445.18,250000,28650.0,Hurricane Helene,2025-06-05T00:00:00.000Z,2026-09-08T00:00:00.000Z
6935709,2024-09-27T00:00:00.000Z,2024,NC,11,20848.08,20848.08,250000,19650.0,Hurricane Helene,2025-08-01T00:00:00.000Z,2026-09-08T00:00:00.000Z
6937321,2024-09-27T00:00:00.000Z,2024,NC,11,39857.17,39857.17,250000,41857.0,Hurricane Helene,2025-01-17T00:00:00.000Z,2026-09-08T00:00:00.000Z
6942009,2024-09-27T00:00:00.000Z,2024,NC,11,37032.36,37032.36,250000,47032.0,Hurricane Helene,2025-02-18T00:00:00.000Z,2026-09-08T00:00:00.000Z
6942218,2024-09-26T00:00:00.000Z,2024,NC,11,184436.25,184436.25,250000,185687.0,Hurricane Helene,2025-07-30T00:00:00.000Z,2026-09-08T00:00:00.000Z
6943517,2024-09-27T00:00:00.000Z,2024,NC,11,7602.86,7602.86,250000,7212.0,Hurricane Helene,2025-06-25T00:00:00.000Z,2026-09-08T00:00:00.000Z
6943648,2024-09-27T00:00:00.000Z,2024,NC,11,25901.01,25901.01,250000,26591.0,Hurricane Helene,2024-11-26T00:00:00.000Z,2026-09-08T00:00:00.000Z
6946056,2024-09-27T00:00:00.000Z,2024,NC,11,250000.0,250000.0,250000,309499.0,Hurricane Helene,2025-02-03T00:00:00.000Z,2026-09-08T00:00:00.000Z
6954995,2024-09-27T00:00:00.000Z,2024,NC,11,186043.05,186043.05,250000,173666.0,Hurricane Helene,2025-04-16T00:00:00.000Z,2026-09-08T00:00:00.000Z
6962550,2024-09-26T00:00:00.000Z,2024,NC,11,18159.86,18159.86,250000,19410.0,Hurricane Helene,2024-12-24T00:00:00.000Z,2026-09-08T00:00:00.000Z
6962988,2024-09-27T00:00:00.000Z,2024,NC,11,250000.0,250000.0,250000,251954.0,Hurricane Helene,2024-12-04T00:00:00.000Z,2026-09-08T00:00:00.000Z
6969543,2024-09-27T00:00:00.000Z,2024,NC,11,43401.36,43401.36,250000,29484.0,Hurricane Helene,2025-02-02T00:00:00.000Z,2026-09-08T00:00:00.000Z
6972596,2024-09-26T00:00:00.000Z,2024,NC,11,250000.0,250000.0,250000,261307.0,Hurricane Helene,2024-11-08T00:00:00.000Z,2026-09-08T00:00:00.000Z
6973816,2024-09-27T00:00:00.000Z,2024,NC,11,250000.0,250000.0,250000,446175.0,Hurricane Helene,2025-02-04T00:00:00.000Z,2026-09-08T00:00:00.000Z
6980583,2024-09-26T00:00:00.000Z,2024,NC,11,47387.73,47387.73,250000,30035.0,Hurricane Helene,2025-01-14T00:00:00.000Z,2026-09-08T00:00:00.000Z
6980900,2024-09-26T00:00:00.000Z,2024,NC,11,100986.63,100986.63,250000,90741.0,Hurricane Helene,2024-12-22T00:00:00.000Z,2026-09-08T00:00:00.000Z
6984081,2024-09-27T00:00:00.000Z,2024,NC,11,4867.53,4867.53,250000,6118.0,Hurricane Helene,2025-02-27T00:00:00.000Z,2026-09-08T00:00:00.000Z
6984315,2024-09-27T00:00:00.000Z,2024,NC,11,95439.84,95439.84,250000,83436.0,Hurricane Helene,2025-03-17T00:00:00.000Z,2026-09-08T00:00:00.000Z
6984794,2024-09-27T00:00:00.000Z,2024,NC,11,165280.34,165280.34,250000,143114.0,Hurricane Helene,2025-02-14T00:00:00.000Z,2026-09-08T00:00:00.000Z
7003016,2024-09-27T00:00:00.000Z,2024,NC,11,0.0,0.0,250000,,Hurricane Helene,2024-12-31T00:00:00.000Z,2026-09-08T00:00:00.000Z
7003845,2024-09-28T00:00:00.000Z,2024,NC,11,141130.19,141130.19,250000,142380.0,Hurricane Helene,2025-12-08T00:00:00.000Z,2026-09-08T00:00:00.000Z
7012850,2024-09-27T00:00:00.000Z,2024,NC,11,97994.81,97994.81,250000,99245.0,Hurricane Helene,2025-02-20T00:00:00.000Z,2026-09-08T00:00:00.000Z
7012956,2024-09-27T00:00:00.000Z,2024,NC,11,208768.85,208768.85,250000,185930.0,Hurricane Helene,2025-01-03T00:00:00.000Z,2026-09-08T00:00:00.000Z
7015710,2024-09-27T00:00:00.000Z,2024,NC,11,0.0,0.0,250000,2324.0,Hurricane Helene,2025-05-22T00:00:00.000Z,2026-09-08T00:00:00.000Z
7021307,2024-09-26T00:00:00.000Z,2024,NC,11,51073.31,51073.31,250000,47122.0,Hurricane Helene,2025-01-17T00:00:00.000Z,2026-09-08T00:00:00.000Z
7023658,2024-09-26T00:00:00.000Z,2024,NC,11,38293.54,38293.54,250000,35683.0,Hurricane Helene,2025-01-28T00:00:00.000Z,2026-09-08T00:00:00.000Z
7033059,2024-09-27T00:00:00.000Z,2024,NC,11,152071.41,152071.41,250000,136715.0,Hurricane Helene,2026-02-10T00:00:00.000Z,2026-09-08T00:00:00.000Z
7041328,2024-09-27T00:00:00.000Z,2024,NC,11,48785.52,48785.52,250000,39828.0,Hurricane Helene,2025-02-12T00:00:00.000Z,2026-09-08T00:00:00.000Z
7050090,2024-09-27T00:00:00.000Z,2024,NC,11,61431.49,61431.49,250000,68335.0,Hurricane Helene,2025-03-31T00:00:00.000Z,2026-09-08T00:00:00.000Z
7053122,2024-09-27T00:00:00.000Z,2024,NC,11,68141.93,68141.93,250000,66154.0,Hurricane Helene,2024-12-06T00:00:00.000Z,2026-09-08T00:00:00.000Z
7053823,2024-09-26T00:00:00.000Z,2024,NC,11,0.0,0.0,250000,0.0,Hurricane Helene,2024-10-23T00:00:00.000Z,2026-09-08T00:00:00.000Z
7054155,2024-09-27T00:00:00.000Z,2024,NC,11,60351.59,60351.59,250000,61602.0,Hurricane Helene,2025-02-26T00:00:00.000Z,2026-09-08T00:00:00.000Z
7056125,2024-09-27T00:00:00.000Z,2024,NC,11,12155.91,12155.91,250000,18968.0,Hurricane Helene,2024-11-17T00:00:00.000Z,2026-09-08T00:00:00.000Z
7061285,2024-09-27T00:00:00.000Z,2024,NC,11,250000.0,250000.0,250000,250674.0,Hurricane Helene,2025-01-14T00:00:00.000Z,2026-09-08T00:00:00.000Z
7064265,2024-09-27T00:00:00.000Z,2024,NC,11,180180.69,180180.69,250000,141851.0,Hurricane Helene,2025-01-14T00:00:00.000Z,2026-09-08T00:00:00.000Z
7068613,2024-09-27T00:00:00.000Z,2024,NC,11,12216.72,12216.72,250000,8610.0,Hurricane Helene,2025-01-08T00:00:00.000Z,2026-09-08T00:00:00.000Z
7090743,2024-09-26T00:00:00.000Z,2024,NC,11,0.0,0.0,250000,0.0,Hurricane Helene,2024-12-21T00:00:00.000Z,2026-09-08T00:00:00.000Z
7093135,2024-09-27T00:00:00.000Z,2024,NC,11,0.0,0.0,250000,0.0,Hurricane Helene,2024-11-15T00:00:00.000Z,2026-09-08T00:00:00.000Z
7093873,2024-09-27T00:00:00.000Z,2024,NC,11,180256.65,180256.65,250000,167075.0,Hurricane Helene,2025-01-10T00:00:00.000Z,2026-09-08T00:00:00.000Z
7094822,2024-09-27T00:00:00.000Z,2024,NC,11,17603.82,17603.82,250000,18854.0,Hurricane Helene,2025-06-23T00:00:00.000Z,2026-09-08T00:00:00.000Z
7098684,2024-09-27T00:00:00.000Z,2024,NC,11,250000.0,250000.0,250000,251250.0,Hurricane Helene,2025-01-07T00:00:00.000Z,2026-09-08T00:00:00.000Z
7099591,2024-09-27T00:00:00.000Z,2024,NC,11,43270.08,43270.08,250000,48270.0,Hurricane Helene,2024-12-19T00:00:00.000Z,2026-09-08T00:00:00.000Z
7115200,2024-09-27T00:00:00.000Z,2024,NC,11,26659.71,26659.71,250000,26305.0,Hurricane Helene,2025-01-06T00:00:00.000Z,2026-09-08T00:00:00.000Z
7115900,2024-09-27T00:00:00.000Z,2024,NC,11,28623.14,28623.14,250000,29873.0,Hurricane Helene,2025-02-09T00:00:00.000Z,2026-09-08T00:00:00.000Z
7120839,2024-09-27T00:00:00.000Z,2024,NC,11,0.0,0.0,250000,3311.0,Hurricane Helene,2024-12-04T00:00:00.000Z,2026-09-08T00:00:00.000Z
7121968,2024-09-27T00:00:00.000Z,2024,NC,11,46093.29,46093.29,250000,48093.0,Hurricane Helene,2025-01-29T00:00:00.000Z,2026-09-08T00:00:00.000Z
7128828,2024-09-27T00:00:00.000Z,2024,NC,11,5020.47,5020.47,250000,6270.0,Hurricane Helene,2025-09-15T00:00:00.000Z,2026-09-08T00:00:00.000Z
7129963,2024-09-26T00:00:00.000Z,2024,NC,11,27573.71,27573.71,250000,25545.0,Hurricane Helene,2025-01-09T00:00:00.000Z,2026-09-08T00:00:00.000Z
7130880,2024-09-27T00:00:00.000Z,2024,NC,11,17334.43,17334.43,250000,16050.0,Hurricane Helene,2024-12-08T00:00:00.000Z,2026-09-08T00:00:00.000Z
7131695,2024-09-27T00:00:00.000Z,2024,NC,11,28496.99,28496.99,250000,29243.0,Hurricane Helene,2025-12-02T00:00:00.000Z,2026-09-08T00:00:00.000Z
7136458,2024-09-27T00:00:00.000Z,2024,NC,11,25467.15,25467.15,250000,23819.0,Hurricane Helene,2025-01-29T00:00:00.000Z,2026-09-08T00:00:00.000Z
7139182,2024-09-26T00:00:00.000Z,2024,NC,11,84098.39,84098.39,250000,69824.0,Hurricane Helene,2025-01-27T00:00:00.000Z,2026-09-08T00:00:00.000Z
7143433,2024-09-26T00:00:00.000Z,2024,NC,11,15578.49,15578.49,250000,14746.0,Hurricane Helene,2025-01-23T00:00:00.000Z,2026-09-08T00:00:00.000Z
7144243,2024-09-27T00:00:00.000Z,2024,NC,11,0.0,0.0,250000,4869.0,Hurricane Helene,2025-02-24T00:00:00.000Z,2026-09-08T00:00:00.000Z
7149436,2024-09-27T00:00:00.000Z,2024,NC,11,3403.62,3403.62,250000,4629.0,Hurricane Helene,2025-01-06T00:00:00.000Z,2026-09-08T00:00:00.000Z
7154458,2024-09-26T00:00:00.000Z,2024,NC,11,5157.48,5157.48,250000,5777.0,Hurricane Helene,2024-10-21T00:00:00.000Z,2026-09-08T00:00:00.000Z
7155410,2024-09-27T00:00:00.000Z,2024,NC,11,33718.95,33718.95,250000,34969.0,Hurricane Helene,2025-02-21T00:00:00.000Z,2026-09-08T00:00:00.000Z
7155664,2024-09-27T00:00:00.000Z,2024,NC,11,49250.0,49250.0,250000,46997.0,Hurricane Helene,2025-12-15T00:00:00.000Z,2026-09-08T00:00:00.000Z
7166746,2024-09-27T00:00:00.000Z,2024,NC,11,233253.8,233253.8,250000,222367.0,Hurricane Helene,2025-02-12T00:00:00.000Z,2026-09-08T00:00:00.000Z
7167069,2024-09-27T00:00:00.000Z,2024,NC,11,4099.72,4099.72,250000,5350.0,Hurricane Helene,2024-10-28T00:00:00.000Z,2026-09-08T00:00:00.000Z
7170390,2024-09-26T00:00:00.000Z,2024,NC,11,6123.9,6123.9,250000,11124.0,Hurricane Helene,2025-02-03T00:00:00.000Z,2026-09-08T00:00:00.000Z
7171864,2024-09-27T00:00:00.000Z,2024,NC,11,7846.5,7846.5,250000,8787.0,Hurricane Helene,2024-12-24T00:00:00.000Z,2026-09-08T00:00:00.000Z
7183691,2024-09-25T00:00:00.000Z,2024,NC,11,44163.75,44163.75,250000,41391.0,Hurricane Helene,2024-12-27T00:00:00.000Z,2026-09-08T00:00:00.000Z
7185370,2024-09-27T00:00:00.000Z,2024,NC,11,12916.91,12916.91,250000,14167.0,Hurricane Helene,2025-09-15T00:00:00.000Z,2026-09-08T00:00:00.000Z
7185541,2024-09-27T00:00:00.000Z,2024,NC,11,448.86,448.86,250000,5449.0,Hurricane Helene,2025-03-27T00:00:00.000Z,2026-09-08T00:00:00.000Z
7186302,2024-09-27T00:00:00.000Z,2024,NC,11,148401.3,148401.3,250000,127959.0,Hurricane Helene,2025-01-24T00:00:00.000Z,2026-09-08T00:00:00.000Z
7197866,2024-09-28T00:00:00.000Z,2024,NC,11,0.0,0.0,250000,0.0,Hurricane Helene,2024-10-22T00:00:00.000Z,2026-09-08T00:00:00.000Z
7199073,2024-09-27T00:00:00.000Z,2024,NC,11,100433.3,100433.3,250000,93879.0,Hurricane Helene,2026-06-24T00:00:00.000Z,2026-09-08T00:00:00.000Z
7203284,2024-09-27T00:00:00.000Z,2024,NC,11,26134.55,26134.55,250000,11994.0,Hurricane Helene,2024-12-30T00:00:00.000Z,2026-09-08T00:00:00.000Z
7210718,2024-09-26T00:00:00.000Z,2024,NC,11,36079.87,36079.87,250000,35417.0,Hurricane Helene,2025-01-17T00:00:00.000Z,2026-09-08T00:00:00.000Z
7211659,2024-09-27T00:00:00.000Z,2024,NC,11,219359.41,219359.41,250000,198309.0,Hurricane Helene,2025-03-14T00:00:00.000Z,2026-09-08T00:00:00.000Z
7211935,2024-09-25T00:00:00.000Z,2024,NC,11,83509.53,83509.53,250000,80860.0,Hurricane Helene,2025-02-17T00:00:00.000Z,2026-09-08T00:00:00.000Z
7213405,2024-09-25T00:00:00.000Z,2024,NC,11,126735.92,126735.92,250000,121234.0,Hurricane Helene,2024-12-08T00:00:00.000Z,2026-09-08T00:00:00.000Z
7215679,2024-09-27T00:00:00.000Z,2024,NC,11,15587.83,15587.83,250000,16838.0,Hurricane Helene,2024-12-16T00:00:00.000Z,2026-09-08T00:00:00.000Z
7220107,2024-09-27T00:00:00.000Z,2024,NC,11,14604.49,14604.49,250000,15854.0,Hurricane Helene,2025-03-09T00:00:00.000Z,2026-09-08T00:00:00.000Z
7222863,2024-09-27T00:00:00.000Z,2024,NC,11,37462.27,37462.27,250000,32079.0,Hurricane Helene,2025-04-10T00:00:00.000Z,2026-09-08T00:00:00.000Z
7224460,2024-09-27T00:00:00.000Z,2024,NC,11,14149.15,14149.15,250000,14163.0,Hurricane Helene,2024-12-31T00:00:00.000Z,2026-09-08T00:00:00.000Z
7226211,2024-09-27T00:00:00.000Z,2024,NC,11,13386.45,13386.45,250000,15386.0,Hurricane Helene,2025-09-18T00:00:00.000Z,2026-09-08T00:00:00.000Z
7226379,2024-09-27T00:00:00.000Z,2024,NC,11,,0.0,250000,,Hurricane Helene,,2026-09-08T00:00:00.000Z
7232515,2024-09-27T00:00:00.000Z,2024,NC,11,33277.75,33277.75,250000,33609.0,Hurricane Helene,2025-01-21T00:00:00.000Z,2026-09-08T00:00:00.000Z
7236939,2024-09-27T00:00:00.000Z,2024,NC,11,0.0,0.0,250000,0.0,Hurricane Helene,2024-11-12T00:00:00.000Z,2026-09-08T00:00:00.000Z
7241862,2024-09-27T00:00:00.000Z,2024,NC,11,,0.0,250000,,Hurricane Helene,,2026-09-08T00:00:00.000Z
7247792,2024-09-30T00:00:00.000Z,2024,NC,11,11128.67,11128.67,250000,9487.0,Hurricane Helene,2024-11-17T00:00:00.000Z,2026-09-08T00:00:00.000Z
7248804,2024-09-27T00:00:00.000Z,2024,NC,11,54743.98,54743.98,250000,50058.0,Hurricane Helene,2024-12-11T00:00:00.000Z,2026-09-08T00:00:00.000Z
7251237,2024-09-27T00:00:00.000Z,2024,NC,11,9656.85,9656.85,250000,11197.0,Hurricane Helene,2025-01-07T00:00:00.000Z,2026-09-08T00:00:00.000Z
7256231,2024-09-27T00:00:00.000Z,2024,NC,11,0.0,0.0,250000,0.0,Hurricane Helene,2024-11-20T00:00:00.000Z,2026-09-08T00:00:00.000Z
7259070,2024-09-26T00:00:00.000Z,2024,NC,11,137536.53,137536.53,250000,110633.0,Hurricane Helene,2024-12-04T00:00:00.000Z,2026-09-08T00:00:00.000Z
7260893,2024-09-27T00:00:00.000Z,2024,NC,11,7085.04,7085.04,250000,7021.0,Hurricane Helene,2025-02-28T00:00:00.000Z,2026-09-08T00:00:00.000Z
7265100,2024-09-27T00:00:00.000Z,2024,NC,11,0.0,0.0,250000,0.0,Hurricane Helene,2024-10-21T00:00:00.000Z,2026-09-08T00:00:00.000Z
7269279,2024-09-28T00:00:00.000Z,2024,NC,11,44071.77,44071.77,250000,40535.0,Hurricane Helene,2025-02-23T00:00:00.000Z,2026-09-08T00:00:00.000Z
7271540,2024-09-27T00:00:00.000Z,2024,NC,11,250000.0,250000.0,250000,257931.0,Hurricane Helene,2025-02-18T00:00:00.000Z,2026-09-08T00:00:00.000Z
7276566,2024-09-27T00:00:00.000Z,2024,NC,11,81981.59,81981.59,250000,83232.0,Hurricane Helene,2025-01-22T00:00:00.000Z,2026-09-08T00:00:00.000Z
7280641,2024-09-27T00:00:00.000Z,2024,NC,11,7049.04,7049.04,250000,8195.0,Hurricane Helene,2025-01-03T00:00:00.000Z,2026-09-08T00:00:00.000Z
7284450,2024-09-27T00:00:00.000Z,2024,NC,11,,0.0,250000,,Hurricane Helene,,2026-09-08T00:00:00.000Z
7292099,2024-09-27T00:00:00.000Z,2024,NC,11,35399.26,35399.26,250000,33956.0,Hurricane Helene,2025-02-20T00:00:00.000Z,2026-09-08T00:00:00.000Z
7292714,2024-09-26T00:00:00.000Z,2024,NC,11,92317.65,92317.65,250000,93568.0,Hurricane Helene,2025-06-25T00:00:00.000Z,2026-09-08T00:00:00.000Z
7296299,2024-09-28T00:00:00.000Z,2024,NC,11,,0.0,250000,,Hurricane Helene,,2026-09-08T00:00:00.000Z
7299871,2024-09-27T00:00:00.000Z,2024,NC,11,233809.49,233809.49,250000,235059.0,Hurricane Helene,2025-06-20T00:00:00.000Z,2026-09-08T00:00:00.000Z
7300406,2024-09-27T00:00:00.000Z,2024,NC,11,155390.13,155390.13,250000,139912.0,Hurricane Helene,2025-07-14T00:00:00.000Z,2026-09-08T00:00:00.000Z
7305380,2024-09-27T00:00:00.000Z,2024,NC,11,156237.27,156237.27,250000,161237.0,Hurricane Helene,2026-02-09T00:00:00.000Z,2026-09-08T00:00:00.000Z
7309268,2024-09-27T00:00:00.000Z,2024,NC,11,31409.88,31409.88,250000,21708.0,Hurricane Helene,2025-01-23T00:00:00.000Z,2026-09-08T00:00:00.000Z
7318777,2024-09-26T00:00:00.000Z,2024,NC,11,25280.15,25280.15,250000,28663.0,Hurricane Helene,2025-02-12T00:00:00.000Z,2026-09-08T00:00:00.000Z
7325044,2024-09-27T00:00:00.000Z,2024,NC,11,239464.05,239464.05,250000,229029.0,Hurricane Helene,2025-10-15T00:00:00.000Z,2026-09-08T00:00:00.000Z
7325590,2024-09-27T00:00:00.000Z,2024,NC,11,25502.26,25502.26,250000,30503.0,Hurricane Helene,2025-06-17T00:00:00.000Z,2026-09-08T00:00:00.000Z
7326234,2024-09-26T00:00:00.000Z,2024,NC,11,0.0,0.0,250000,0.0,Hurricane Helene,2024-10-28T00:00:00.000Z,2026-09-08T00:00:00.000Z
7328798,2024-09-27T00:00:00.000Z,2024,NC,11,46156.39,46156.39,250000,47513.0,Hurricane Helene,2025-02-18T00:00:00.000Z,2026-09-08T00:00:00.000Z
7329611,2024-09-27T00:00:00.000Z,2024,NC,11,12222.61,12222.61,250000,13370.0,Hurricane Helene,2025-03-18T00:00:00.000Z,2026-09-08T00:00:00.000Z
7332570,2024-09-27T00:00:00.000Z,2024,NC,11,1757.71,1757.71,250000,3008.0,Hurricane Helene,2025-01-15T00:00:00.000Z,2026-09-08T00:00:00.000Z
7332587,2024-09-27T00:00:00.000Z,2024,NC,11,154016.59,154016.59,250000,156017.0,Hurricane Helene,2025-01-21T00:00:00.000Z,2026-09-08T00:00:00.000Z
7333540,2024-09-30T00:00:00.000Z,2024,NC,11,250000.0,250000.0,250000,265529.0,Hurricane Helene,2025-08-04T00:00:00.000Z,2026-09-08T00:00:00.000Z
7341959,2024-09-26T00:00:00.000Z,2024,NC,11,166929.65,166929.65,250000,157916.0,Hurricane Helene,2025-02-13T00:00:00.000Z,2026-09-08T00:00:00.000Z
7345014,2024-09-27T00:00:00.000Z,2024,NC,11,66906.08,66906.08,250000,64038.0,Hurricane Helene,2025-02-01T00:00:00.000Z,2026-09-08T00:00:00.000Z
7347774,2024-09-27T00:00:00.000Z,2024,NC,11,16113.6,16113.6,250000,14836.0,Hurricane Helene,2025-01-30T00:00:00.000Z,2026-09-08T00:00:00.000Z
7352516,2024-09-27T00:00:00.000Z,2024,NC,11,22264.06,22264.06,250000,28022.0,Hurricane Helene,2025-07-10T00:00:00.000Z,2026-09-08T00:00:00.000Z
7353848,2024-09-26T00:00:00.000Z,2024,NC,11,144946.6,144946.6,250000,146196.0,Hurricane Helene,2025-11-06T00:00:00.000Z,2026-09-08T00:00:00.000Z
7354862,2024-09-27T00:00:00.000Z,2024,NC,11,134978.55,134978.55,250000,136229.0,Hurricane Helene,2025-04-24T00:00:00.000Z,2026-09-08T00:00:00.000Z
7366684,2024-09-27T00:00:00.000Z,2024,NC,11,3810.81,3810.81,250000,5061.0,Hurricane Helene,2025-11-20T00:00:00.000Z,2026-09-08T00:00:00.000Z
7374115,2024-09-28T00:00:00.000Z,2024,NC,11,0.0,0.0,250000,0.0,Hurricane Helene,2024-11-07T00:00:00.000Z,2026-09-08T00:00:00.000Z
7378411,2024-09-27T00:00:00.000Z,2024,NC,11,28879.31,28879.31,250000,23421.0,Hurricane Helene,2024-12-21T00:00:00.000Z,2026-09-08T00:00:00.000Z
7378589,2024-09-27T00:00:00.000Z,2024,NC,11,48435.96,48435.96,250000,49686.0,Hurricane Helene,2025-04-24T00:00:00.000Z,2026-09-08T00:00:00.000Z
7380883,2024-09-27T00:00:00.000Z,2024,NC,11,9571.82,9571.82,250000,11517.0,Hurricane Helene,2024-11-13T00:00:00.000Z,2026-09-08T00:00:00.000Z
7384655,2024-09-27T00:00:00.000Z,2024,NC,11,11183.12,11183.12,250000,12433.0,Hurricane Helene,2024-11-11T00:00:00.000Z,2026-09-08T00:00:00.000Z
7400163,2024-09-27T00:00:00.000Z,2024,NC,11,250000.0,250000.0,250000,252338.0,Hurricane Helene,2025-11-14T00:00:00.000Z,2026-09-08T00:00:00.000Z
7412190,2024-09-26T00:00:00.000Z,2024,NC,11,29979.92,29979.92,250000,34980.0,Hurricane Helene,2025-01-08T00:00:00.000Z,2026-09-08T00:00:00.000Z
7417467,2024-09-28T00:00:00.000Z,2024,NC,11,,0.0,250000,4375.0,Hurricane Helene,,2026-09-08T00:00:00.000Z
7421655,2024-09-27T00:00:00.000Z,2024,NC,11,9433.27,9433.27,250000,9377.0,Hurricane Helene,2025-01-16T00:00:00.000Z,2026-09-08T00:00:00.000Z
7424426,2024-09-27T00:00:00.000Z,2024,NC,11,0.0,0.0,250000,0.0,Hurricane Helene,2024-10-26T00:00:00.000Z,2026-09-08T00:00:00.000Z
7429173,2024-09-27T00:00:00.000Z,2024,NC,11,0.0,0.0,250000,788.0,Hurricane Helene,2025-01-17T00:00:00.000Z,2026-09-08T00:00:00.000Z
7432388,2024-09-26T00:00:00.000Z,2024,NC,11,57270.33,57270.33,250000,48498.0,Hurricane Helene,2025-11-18T00:00:00.000Z,2026-09-08T00:00:00.000Z
7441412,2024-09-27T00:00:00.000Z,2024,NC,11,85723.54,85723.54,250000,54781.0,Hurricane Helene,2025-02-05T00:00:00.000Z,2026-09-08T00:00:00.000Z
7444524,2024-09-27T00:00:00.000Z,2024,NC,11,0.0,0.0,250000,0.0,Hurricane Helene,2024-10-12T00:00:00.000Z,2026-09-08T00:00:00.000Z
7448456,2024-09-27T00:00:00.000Z,2024,NC,11,10595.3,10595.3,250000,11874.0,Hurricane Helene,2024-12-08T00:00:00.000Z,2026-09-08T00:00:00.000Z
7449816,2024-09-27T00:00:00.000Z,2024,NC,11,29050.47,29050.47,250000,29900.0,Hurricane Helene,2025-01-10T00:00:00.000Z,2026-09-08T00:00:00.000Z
7450683,2024-09-26T00:00:00.000Z,2024,NC,11,23707.78,23707.78,250000,25708.0,Hurricane Helene,2025-04-07T00:00:00.000Z,2026-09-08T00:00:00.000Z
7453813,2024-09-26T00:00:00.000Z,2024,NC,11,5186.16,5186.16,250000,6410.0,Hurricane Helene,2024-11-18T00:00:00.000Z,2026-09-08T00:00:00.000Z
7460603,2024-09-28T00:00:00.000Z,2024,NC,11,243767.18,243767.18,250000,245768.0,Hurricane Helene,2025-05-14T00:00:00.000Z,2026-09-08T00:00:00.000Z
7462608,2024-09-28T00:00:00.000Z,2024,NC,11,,0.0,250000,,Hurricane Helene,,2026-09-08T00:00:00.000Z
7464388,2024-09-27T00:00:00.000Z,2024,NC,11,134719.7,134719.7,250000,135970.0,Hurricane Helene,2025-02-10T00:00:00.000Z,2026-09-08T00:00:00.000Z
7465483,2024-09-27T00:00:00.000Z,2024,NC,11,33314.93,33314.93,250000,31822.0,Hurricane Helene,2024-12-23T00:00:00.000Z,2026-09-08T00:00:00.000Z
7476607,2024-09-27T00:00:00.000Z,2024,NC,11,16045.64,16045.64,250000,15979.0,Hurricane Helene,2024-11-27T00:00:00.000Z,2026-09-08T00:00:00.000Z
7478609,2024-09-27T00:00:00.000Z,2024,NC,11,8994.09,8994.09,250000,10244.0,Hurricane Helene,2025-02-03T00:00:00.000Z,2026-09-08T00:00:00.000Z
7484790,2024-09-27T00:00:00.000Z,2024,NC,11,8096.92,8096.92,250000,9347.0,Hurricane Helene,2025-01-06T00:00:00.000Z,2026-09-08T00:00:00.000Z
7485071,2024-09-27T00:00:00.000Z,2024,NC,11,102238.02,102238.02,250000,103489.0,Hurricane Helene,2025-10-03T00:00:00.000Z,2026-09-08T00:00:00.000Z
7485657,2024-09-27T00:00:00.000Z,2024,NC,11,212334.66,212334.66,250000,193968.0,Hurricane Helene,2025-02-11T00:00:00.000Z,2026-09-08T00:00:00.000Z
7486062,2024-09-28T00:00:00.000Z,2024,NC,11,7681.1,7681.1,250000,7874.0,Hurricane Helene,2024-12-12T00:00:00.000Z,2026-09-08T00:00:00.000Z
7486954,2024-09-27T00:00:00.000Z,2024,NC,11,6378.96,6378.96,250000,7629.0,Hurricane Helene,2024-12-26T00:00:00.000Z,2026-09-08T00:00:00.000Z
7489044,2024-09-27T00:00:00.000Z,2024,NC,11,107277.76,107277.76,250000,90013.0,Hurricane Helene,2025-10-08T00:00:00.000Z,2026-09-08T00:00:00.000Z
7495613,2024-09-27T00:00:00.000Z,2024,NC,11,250000.0,250000.0,250000,339011.0,Hurricane Helene,2025-10-15T00:00:00.000Z,2026-09-08T00:00:00.000Z
7504658,2024-09-27T00:00:00.000Z,2024,NC,11,0.0,0.0,250000,4164.0,Hurricane Helene,2024-12-04T00:00:00.000Z,2026-09-08T00:00:00.000Z
7504867,2024-09-27T00:00:00.000Z,2024,NC,11,154688.85,154688.85,250000,164689.0,Hurricane Helene,2024-12-08T00:00:00.000Z,2026-09-08T00:00:00.000Z
7507943,2024-09-27T00:00:00.000Z,2024,NC,11,25763.64,25763.64,250000,27014.0,Hurricane Helene,2025-07-22T00:00:00.000Z,2026-09-08T00:00:00.000Z
7509337,2024-09-28T00:00:00.000Z,2024,NC,11,12908.1,12908.1,250000,,Hurricane Helene,2025-04-18T00:00:00.000Z,2026-09-08T00:00:00.000Z
7513285,2024-09-27T00:00:00.000Z,2024,NC,11,4781.85,4781.85,250000,6032.0,Hurricane Helene,2024-12-04T00:00:00.000Z,2026-09-08T00:00:00.000Z
7516322,2024-09-27T00:00:00.000Z,2024,NC,11,11115.48,11115.48,250000,12127.0,Hurricane Helene,2025-12-29T00:00:00.000Z,2026-09-08T00:00:00.000Z
7519211,2024-09-27T00:00:00.000Z,2024,NC,11,250000.0,250000.0,250000,294869.0,Hurricane Helene,2025-07-09T00:00:00.000Z,2026-09-08T00:00:00.000Z
7527215,2024-09-27T00:00:00.000Z,2024,NC,11,16776.48,16776.48,250000,18026.0,Hurricane Helene,2025-05-20T00:00:00.000Z,2026-09-08T00:00:00.000Z
7529081,2024-09-27T00:00:00.000Z,2024,NC,11,,0.0,250000,,Hurricane Helene,,2026-09-08T00:00:00.000Z
7529148,2024-09-27T00:00:00.000Z,2024,NC,11,39618.58,39618.58,250000,35900.0,Hurricane Helene,2025-05-16T00:00:00.000Z,2026-09-08T00:00:00.000Z
7549992,2024-09-27T00:00:00.000Z,2024,NC,11,0.0,0.0,250000,4409.0,Hurricane Helene,2024-11-15T00:00:00.000Z,2026-09-08T00:00:00.000Z
7551109,2024-09-26T00:00:00.000Z,2024,NC,11,13601.13,13601.13,250000,14980.0,Hurricane Helene,2024-12-06T00:00:00.000Z,2026-09-08T00:00:00.000Z
7554829,2024-09-27T00:00:00.000Z,2024,NC,11,7939.74,7939.74,250000,9459.0,Hurricane Helene,2025-01-27T00:00:00.000Z,2026-09-08T00:00:00.000Z
7555817,2024-09-27T00:00:00.000Z,2024,NC,11,8618.08,8618.08,250000,9868.0,Hurricane Helene,2024-12-05T00:00:00.000Z,2026-09-08T00:00:00.000Z
7559903,2024-09-28T00:00:00.000Z,2024,NC,11,231445.13,231445.13,250000,232695.0,Hurricane Helene,2025-09-10T00:00:00.000Z,2026-09-08T00:00:00.000Z
7560575,2024-09-27T00:00:00.000Z,2024,NC,11,56685.73,56685.73,250000,57936.0,Hurricane Helene,2026-01-22T00:00:00.000Z,2026-09-08T00:00:00.000Z
7560957,2024-09-27T00:00:00.000Z,2024,NC,11,105428.6,105428.6,250000,89820.0,Hurricane Helene,2024-11-12T00:00:00.000Z,2026-09-08T00:00:00.000Z
7561483,2024-09-27T00:00:00.000Z,2024,NC,11,0.0,0.0,250000,0.0,Hurricane Helene,2024-10-24T00:00:00.000Z,2026-09-08T00:00:00.000Z
7568542,2024-09-27T00:00:00.000Z,2024,NC,11,9111.62,9111.62,250000,13323.0,Hurricane Helene,2024-10-21T00:00:00.000Z,2026-09-08T00:00:00.000Z
7570331,2024-09-27T00:00:00.000Z,2024,NC,11,0.0,0.0,250000,0.0,Hurricane Helene,2025-02-03T00:00:00.000Z,2026-09-08T00:00:00.000Z
7573192,2024-09-27T00:00:00.000Z,2024,NC,11,55528.47,55528.47,250000,53680.0,Hurricane Helene,2025-01-08T00:00:00.000Z,2026-09-08T00:00:00.000Z
7576378,2024-09-27T00:00:00.000Z,2024,NC,11,47772.36,47772.36,250000,46412.0,Hurricane Helene,2025-04-28T00:00:00.000Z,2026-09-08T00:00:00.000Z
7585089,2024-09-26T00:00:00.000Z,2024,NC,11,4486.86,4486.86,250000,5737.0,Hurricane Helene,2024-11-13T00:00:00.000Z,2026-09-08T00:00:00.000Z
7585655,2024-09-27T00:00:00.000Z,2024,NC,11,112613.14,112613.14,250000,114613.0,Hurricane Helene,2026-02-22T00:00:00.000Z,2026-09-08T00:00:00.000Z
7587865,2024-09-27T00:00:00.000Z,2024,NC,11,23976.7,23976.7,250000,25227.0,Hurricane Helene,2025-04-21T00:00:00.000Z,2026-09-08T00:00:00.000Z
7595252,2024-09-26T00:00:00.000Z,2024,NC,11,32580.26,32580.26,250000,33830.0,Hurricane Helene,2025-02-13T00:00:00.000Z,2026-09-08T00:00:00.000Z
7595793,2024-09-27T00:00:00.000Z,2024,NC,11,12654.16,12654.16,250000,13904.0,Hurricane Helene,2025-07-17T00:00:00.000Z,2026-09-08T00:00:00.000Z
7600055,2024-09-27T00:00:00.000Z,2024,NC,11,26453.39,26453.39,250000,26914.0,Hurricane Helene,2025-06-26T00:00:00.000Z,2026-09-08T00:00:00.000Z
7600761,2024-09-27T00:00:00.000Z,2024,NC,11,571.78,571.78,250000,1822.0,Hurricane Helene,2025-01-03T00:00:00.000Z,2026-09-08T00:00:00.000Z
7606227,2024-09-27T00:00:00.000Z,2024,NC,11,0.0,0.0,250000,2819.0,Hurricane Helene,2024-10-30T00:00:00.000Z,2026-09-08T00:00:00.000Z
7606421,2024-09-27T00:00:00.000Z,2024,NC,11,180152.65,180152.65,250000,164706.0,Hurricane Helene,2025-02-05T00:00:00.000Z,2026-09-08T00:00:00.000Z
7608400,2024-09-27T00:00:00.000Z,2024,NC,11,18109.49,18109.49,250000,19360.0,Hurricane Helene,2025-09-04T00:00:00.000Z,2026-09-08T00:00:00.000Z
7613701,2024-09-25T00:00:00.000Z,2024,NC,11,26080.57,26080.57,250000,8845.0,Hurricane Helene,2025-02-24T00:00:00.000Z,2026-09-08T00:00:00.000Z
7619638,2024-09-27T00:00:00.000Z,2024,NC,11,227322.02,227322.02,250000,205243.0,Hurricane Helene,2025-09-10T00:00:00.000Z,2026-09-08T00:00:00.000Z
7623019,2024-09-27T00:00:00.000Z,2024,NC,11,121101.21,121101.21,250000,112252.0,Hurricane Helene,2025-02-03T00:00:00.000Z,2026-09-08T00:00:00.000Z
7625606,2024-09-27T00:00:00.000Z,2024,NC,11,87815.46,87815.46,250000,80527.0,Hurricane Helene,2024-12-19T00:00:00.000Z,2026-09-08T00:00:00.000Z
7632074,2024-09-27T00:00:00.000Z,2024,NC,11,51777.49,51777.49,250000,50645.0,Hurricane Helene,2024-12-16T00:00:00.000Z,2026-09-08T00:00:00.000Z
7636996,2024-09-27T00:00:00.000Z,2024,NC,11,250000.0,250000.0,250000,537404.0,Hurricane Helene,2025-04-08T00:00:00.000Z,2026-09-08T00:00:00.000Z
7637506,2024-09-27T00:00:00.000Z,2024,NC,11,11629.32,11629.32,250000,12719.0,Hurricane Helene,2025-02-07T00:00:00.000Z,2026-09-08T00:00:00.000Z
7637771,2024-09-27T00:00:00.000Z,2024,NC,11,8072.24,8072.24,250000,12370.0,Hurricane Helene,2025-02-18T00:00:00.000Z,2026-09-08T00:00:00.000Z
7637970,2024-09-27T00:00:00.000Z,2024,NC,11,80471.41,80471.41,250000,81722.0,Hurricane Helene,2025-06-09T00:00:00.000Z,2026-09-08T00:00:00.000Z
7647975,2024-09-27T00:00:00.000Z,2024,NC,11,73684.61,73684.61,250000,122618.0,Hurricane Helene,2025-03-18T00:00:00.000Z,2026-09-08T00:00:00.000Z
7652408,2024-09-27T00:00:00.000Z,2024,NC,11,250000.0,250000.0,250000,287434.0,Hurricane Helene,2025-01-22T00:00:00.000Z,2026-09-08T00:00:00.000Z
7655066,2024-09-27T00:00:00.000Z,2024,NC,11,247950.46,247950.46,250000,252950.0,Hurricane Helene,2025-02-22T00:00:00.000Z,2026-09-08T00:00:00.000Z
7657179,2024-09-27T00:00:00.000Z,2024,NC,11,250000.0,250000.0,250000,260127.0,Hurricane Helene,2024-12-30T00:00:00.000Z,2026-09-08T00:00:00.000Z
7660015,2024-09-27T00:00:00.000Z,2024,NC,11,154589.13,154589.13,250000,151284.0,Hurricane Helene,2025-06-26T00:00:00.000Z,2026-09-08T00:00:00.000Z
7661209,2024-09-27T00:00:00.000Z,2024,NC,11,250000.0,250000.0,250000,418822.0,Hurricane Helene,2025-02-25T00:00:00.000Z,2026-09-08T00:00:00.000Z
7661539,2024-09-27T00:00:00.000Z,2024,NC,11,56174.53,56174.53,250000,42114.0,Hurricane Helene,2024-11-08T00:00:00.000Z,2026-09-08T00:00:00.000Z
7666225,2024-09-27T00:00:00.000Z,2024,NC,11,75636.49,75636.49,250000,76886.0,Hurricane Helene,2025-02-12T00:00:00.000Z,2026-09-08T00:00:00.000Z
7671255,2024-09-28T00:00:00.000Z,2024,NC,11,250000.0,250000.0,250000,443267.0,Hurricane Helene,2025-07-18T00:00:00.000Z,2026-09-08T00:00:00.000Z
7671986,2024-09-27T00:00:00.000Z,2024,NC,11,16004.2,16004.2,250000,16033.0,Hurricane Helene,2025-02-24T00:00:00.000Z,2026-09-08T00:00:00.000Z
7672641,2024-09-27T00:00:00.000Z,2024,NC,11,37888.61,37888.61,250000,35979.0,Hurricane Helene,2025-06-10T00:00:00.000Z,2026-09-08T00:00:00.000Z
7677315,2024-09-27T00:00:00.000Z,2024,NC,11,250000.0,250000.0,250000,264315.0,Hurricane Helene,2025-01-20T00:00:00.000Z,2026-09-08T00:00:00.000Z
7678975,2024-09-27T00:00:00.000Z,2024,NC,11,20389.55,20389.55,250000,21640.0,Hurricane Helene,2025-01-09T00:00:00.000Z,2026-09-08T00:00:00.000Z
7683375,2024-09-27T00:00:00.000Z,2024,NC,11,194135.56,194135.56,250000,172405.0,Hurricane Helene,2025-03-28T00:00:00.000Z,2026-09-08T00:00:00.000Z
7694233,2024-09-27T00:00:00.000Z,2024,NC,11,11287.51,11287.51,250000,14007.0,Hurricane Helene,2026-05-05T00:00:00.000Z,2026-09-08T00:00:00.000Z
7704830,2024-09-27T00:00:00.000Z,2024,NC,11,25612.03,25612.03,250000,26862.0,Hurricane Helene,2025-01-22T00:00:00.000Z,2026-09-08T00:00:00.000Z
7709010,2024-09-27T00:00:00.000Z,2024,NC,11,33776.02,33776.02,250000,31724.0,Hurricane Helene,2025-02-23T00:00:00.000Z,2026-09-08T00:00:00.000Z
7709056,2024-09-27T00:00:00.000Z,2024,NC,11,176.41,176.41,250000,1426.0,Hurricane Helene,2024-12-16T00:00:00.000Z,2026-09-08T00:00:00.000Z
7710430,2024-09-27T00:00:00.000Z,2024,NC,11,28935.35,28935.35,250000,30675.0,Hurricane Helene,2025-01-16T00:00:00.000Z,2026-09-08T00:00:00.000Z
7711798,2024-09-27T00:00:00.000Z,2024,NC,11,34703.03,34703.03,250000,23317.0,Hurricane Helene,2025-01-02T00:00:00.000Z,2026-09-08T00:00:00.000Z
7712242,2024-09-26T00:00:00.000Z,2024,NC,11,114676.73,114676.73,250000,106377.0,Hurricane Helene,2026-01-06T00:00:00.000Z,2026-09-08T00:00:00.000Z
7717578,2024-09-27T00:00:00.000Z,2024,NC,11,0.0,0.0,250000,0.0,Hurricane Helene,2025-02-28T00:00:00.000Z,2026-09-08T00:00:00.000Z
7729529,2024-09-27T00:00:00.000Z,2024,NC,11,28461.5,28461.5,250000,28300.0,Hurricane Helene,2024-12-05T00:00:00.000Z,2026-09-08T00:00:00.000Z
7729797,2024-09-27T00:00:00.000Z,2024,NC,11,1524.53,1524.53,250000,2775.0,Hurricane Helene,2025-03-03T00:00:00.000Z,2026-09-08T00:00:00.000Z
7733217,2024-09-27T00:00:00.000Z,2024,NC,11,21287.24,21287.24,250000,10417.0,Hurricane Helene,2025-02-19T00:00:00.000Z,2026-09-08T00:00:00.000Z
7735379,2024-09-27T00:00:00.000Z,2024,NC,11,8910.52,8910.52,250000,7227.0,Hurricane Helene,2025-01-13T00:00:00.000Z,2026-09-08T00:00:00.000Z
7737414,2024-09-25T00:00:00.000Z,2024,NC,11,0.0,0.0,250000,0.0,Hurricane Helene,2024-11-17T00:00:00.000Z,2026-09-08T00:00:00.000Z
7738719,2024-09-27T00:00:00.000Z,2024,NC,11,68901.53,68901.53,250000,69094.0,Hurricane Helene,2025-01-16T00:00:00.000Z,2026-09-08T00:00:00.000Z
7740680,2024-09-27T00:00:00.000Z,2024,NC,11,147869.77,147869.77,250000,138104.0,Hurricane Helene,2025-02-10T00:00:00.000Z,2026-09-08T00:00:00.000Z
7749428,2024-09-27T00:00:00.000Z,2024,NC,11,64064.53,64064.53,250000,58692.0,Hurricane Helene,2025-01-31T00:00:00.000Z,2026-09-08T00:00:00.000Z
7749914,2024-09-27T00:00:00.000Z,2024,NC,11,7438.6,7438.6,250000,7974.0,Hurricane Helene,2025-04-25T00:00:00.000Z,2026-09-08T00:00:00.000Z
7754630,2024-09-27T00:00:00.000Z,2024,NC,11,1453.15,1453.15,250000,2703.0,Hurricane Helene,2025-01-07T00:00:00.000Z,2026-09-08T00:00:00.000Z
7757226,2024-09-27T00:00:00.000Z,2024,NC,11,69494.07,69494.07,250000,70744.0,Hurricane Helene,2024-11-25T00:00:00.000Z,2026-09-08T00:00:00.000Z
7757341,2024-09-27T00:00:00.000Z,2024,NC,11,95621.87,95621.87,250000,96872.0,Hurricane Helene,2025-02-24T00:00:00.000Z,2026-09-08T00:00:00.000Z
7758375,2024-09-25T00:00:00.000Z,2024,NC,11,2589.64,2589.64,250000,3840.0,Hurricane Helene,2024-11-14T00:00:00.000Z,2026-09-08T00:00:00.000Z
7759882,2024-09-26T00:00:00.000Z,2024,NC,11,2350.36,2350.36,250000,6726.0,Hurricane Helene,2025-01-16T00:00:00.000Z,2026-09-08T00:00:00.000Z
7761352,2024-09-27T00:00:00.000Z,2024,NC,11,250000.0,250000.0,250000,233784.0,Hurricane Helene,2025-04-28T00:00:00.000Z,2026-09-08T00:00:00.000Z
7762904,2024-09-28T00:00:00.000Z,2024,NC,11,4453.06,4453.06,250000,1.0,Hurricane Helene,2024-12-31T00:00:00.000Z,2026-09-08T00:00:00.000Z
7763087,2024-09-26T00:00:00.000Z,2024,NC,11,92087.12,92087.12,250000,93338.0,Hurricane Helene,2025-08-01T00:00:00.000Z,2026-09-08T00:00:00.000Z
7764018,2024-09-27T00:00:00.000Z,2024,NC,11,,0.0,250000,,Hurricane Helene,,2026-09-08T00:00:00.000Z
7775331,2024-09-27T00:00:00.000Z,2024,NC,11,89497.73,89497.73,250000,81498.0,Hurricane Helene,2024-12-24T00:00:00.000Z,2026-09-08T00:00:00.000Z
7776696,2024-09-25T00:00:00.000Z,2024,NC,11,25085.51,25085.51,250000,17108.0,Hurricane Helene,2025-06-09T00:00:00.000Z,2026-09-08T00:00:00.000Z
7780769,2024-09-27T00:00:00.000Z,2024,NC,11,9286.15,9286.15,250000,8920.0,Hurricane Helene,2025-03-05T00:00:00.000Z,2026-09-08T00:00:00.000Z
7786857,2024-09-27T00:00:00.000Z,2024,NC,11,18623.29,18623.29,250000,18915.0,Hurricane Helene,2024-11-18T00:00:00.000Z,2026-09-08T00:00:00.000Z
7793481,2024-09-27T00:00:00.000Z,2024,NC,11,3525.67,3525.67,250000,4775.0,Hurricane Helene,2025-08-22T00:00:00.000Z,2026-09-08T00:00:00.000Z
7794274,2024-09-27T00:00:00.000Z,2024,NC,11,115187.54,115187.54,250000,117188.0,Hurricane Helene,2024-12-26T00:00:00.000Z,2026-09-08T00:00:00.000Z
7794395,2024-09-26T00:00:00.000Z,2024,NC,11,247338.21,247338.21,250000,224287.0,Hurricane Helene,2025-01-23T00:00:00.000Z,2026-09-08T00:00:00.000Z
7798790,2024-09-27T00:00:00.000Z,2024,NC,11,25984.87,25984.87,250000,18895.0,Hurricane Helene,2025-02-26T00:00:00.000Z,2026-09-08T00:00:00.000Z
7800849,2024-09-27T00:00:00.000Z,2024,NC,11,6815.45,6815.45,250000,8065.0,Hurricane Helene,2025-01-12T00:00:00.000Z,2026-09-08T00:00:00.000Z
7804570,2024-09-27T00:00:00.000Z,2024,NC,11,250000.0,250000.0,250000,249328.0,Hurricane Helene,2024-11-13T00:00:00.000Z,2026-09-08T00:00:00.000Z
7806028,2024-09-27T00:00:00.000Z,2024,NC,11,250000.0,250000.0,250000,231088.0,Hurricane Helene,2025-02-28T00:00:00.000Z,2026-09-08T00:00:00.000Z
7813212,2024-09-27T00:00:00.000Z,2024,NC,11,11196.02,11196.02,250000,8998.0,Hurricane Helene,2024-11-11T00:00:00.000Z,2026-09-08T00:00:00.000Z
7815123,2024-09-27T00:00:00.000Z,2024,NC,11,0.0,0.0,250000,0.0,Hurricane Helene,2025-02-08T00:00:00.000Z,2026-09-08T00:00:00.000Z
7815834,2024-09-27T00:00:00.000Z,2024,NC,11,15449.05,15449.05,250000,17450.0,Hurricane Helene,2025-03-11T00:00:00.000Z,2026-09-08T00:00:00.000Z
7817223,2024-09-27T00:00:00.000Z,2024,NC,11,527.58,527.58,250000,10099.0,Hurricane Helene,2024-10-26T00:00:00.000Z,2026-09-08T00:00:00.000Z
7820218,2024-09-27T00:00:00.000Z,2024,NC,11,250000.0,250000.0,250000,273737.0,Hurricane Helene,2025-01-18T00:00:00.000Z,2026-09-08T00:00:00.000Z
7822099,2024-09-27T00:00:00.000Z,2024,NC,11,0.0,0.0,250000,,Hurricane Helene,2024-10-22T00:00:00.000Z,2026-09-08T00:00:00.000Z
7825500,2024-09-27T00:00:00.000Z,2024,NC,11,250000.0,250000.0,250000,417332.0,Hurricane Helene,2025-02-01T00:00:00.000Z,2026-09-08T00:00:00.000Z
7825697,2024-09-27T00:00:00.000Z,2024,NC,11,43856.14,43856.14,250000,39908.0,Hurricane Helene,2025-01-03T00:00:00.000Z,2026-09-08T00:00:00.000Z
7828989,2024-09-27T00:00:00.000Z,2024,NC,11,38451.29,38451.29,250000,34602.0,Hurricane Helene,2025-02-03T00:00:00.000Z,2026-09-08T00:00:00.000Z
7837275,2024-09-27T00:00:00.000Z,2024,NC,11,64973.65,64973.65,250000,54817.0,Hurricane Helene,2025-03-12T00:00:00.000Z,2026-09-08T00:00:00.000Z
7839622,2024-09-27T00:00:00.000Z,2024,NC,11,3457.24,3457.24,250000,4707.0,Hurricane Helene,2024-12-21T00:00:00.000Z,2026-09-08T00:00:00.000Z
7840224,2024-09-27T00:00:00.000Z,2024,NC,11,250000.0,250000.0,250000,251250.0,Hurricane Helene,2025-02-04T00:00:00.000Z,2026-09-08T00:00:00.000Z
7843700,2024-09-27T00:00:00.000Z,2024,NC,11,,0.0,250000,1653.0,Hurricane Helene,,2026-09-08T00:00:00.000Z
7845203,2024-09-28T00:00:00.000Z,2024,NC,11,12877.43,12877.43,250000,14128.0,Hurricane Helene,2025-03-25T00:00:00.000Z,2026-09-08T00:00:00.000Z
7850371,2024-09-27T00:00:00.000Z,2024,NC,11,,0.0,250000,,Hurricane Helene,,2026-09-08T00:00:00.000Z
7853625,2024-09-27T00:00:00.000Z,2024,NC,11,168790.91,168790.91,250000,163478.0,Hurricane Helene,2025-04-10T00:00:00.000Z,2026-09-08T00:00:00.000Z
7854835,2024-09-27T00:00:00.000Z,2024,NC,11,644.98,644.98,250000,2645.0,Hurricane Helene,2025-02-28T00:00:00.000Z,2026-09-08T00:00:00.000Z
7855586,2024-09-27T00:00:00.000Z,2024,NC,11,44861.88,44861.88,250000,46112.0,Hurricane Helene,2025-05-05T00:00:00.000Z,2026-09-08T00:00:00.000Z
7864818,2024-09-28T00:00:00.000Z,2024,NC,11,129368.41,129368.41,250000,128816.0,Hurricane Helene,2025-02-14T00:00:00.000Z,2026-09-08T00:00:00.000Z
7874338,2024-09-27T00:00:00.000Z,2024,NC,11,3206.52,3206.52,250000,5207.0,Hurricane Helene,2025-01-30T00:00:00.000Z,2026-09-08T00:00:00.000Z
7878376,2024-09-27T00:00:00.000Z,2024,NC,11,157640.43,157640.43,250000,127849.0,Hurricane Helene,2025-05-06T00:00:00.000Z,2026-09-08T00:00:00.000Z
7886813,2024-09-27T00:00:00.000Z,2024,NC,11,,0.0,250000,,Hurricane Helene,,2026-09-08T00:00:00.000Z
7889729,2024-09-27T00:00:00.000Z,2024,NC,11,147066.74,147066.74,250000,139776.0,Hurricane Helene,2025-01-10T00:00:00.000Z,2026-09-08T00:00:00.000Z
7891229,2024-09-27T00:00:00.000Z,2024,NC,11,13196.99,13196.99,250000,8943.0,Hurricane Helene,2025-02-17T00:00:00.000Z,2026-09-08T00:00:00.000Z
7891384,2024-09-26T00:00:00.000Z,2024,NC,11,250000.0,250000.0,250000,274158.0,Hurricane Helene,2025-11-06T00:00:00.000Z,2026-09-08T00:00:00.000Z
7903426,2024-09-28T00:00:00.000Z,2024,NC,11,13513.09,13513.09,250000,14471.0,Hurricane Helene,2024-12-27T00:00:00.000Z,2026-09-08T00:00:00.000Z
7907773,2024-09-27T00:00:00.000Z,2024,NC,11,,0.0,250000,,Hurricane Helene,,2026-09-08T00:00:00.000Z
7909420,2024-09-27T00:00:00.000Z,2024,NC,11,0.0,0.0,250000,4013.0,Hurricane Helene,2024-12-04T00:00:00.000Z,2026-09-08T00:00:00.000Z
7909707,2024-09-27T00:00:00.000Z,2024,NC,11,1619.36,1619.36,250000,2109.0,Hurricane Helene,2024-11-29T00:00:00.000Z,2026-09-08T00:00:00.000Z
7910728,2024-09-27T00:00:00.000Z,2024,NC,11,3533.45,3533.45,250000,8533.0,Hurricane Helene,2025-09-23T00:00:00.000Z,2026-09-08T00:00:00.000Z
7911739,2024-09-27T00:00:00.000Z,2024,NC,11,15429.89,15429.89,250000,14936.0,Hurricane Helene,2025-01-14T00:00:00.000Z,2026-09-08T00:00:00.000Z
7912748,2024-09-27T00:00:00.000Z,2024,NC,11,9637.82,9637.82,250000,10573.0,Hurricane Helene,2024-12-09T00:00:00.000Z,2026-09-08T00:00:00.000Z
7912894,2024-09-27T00:00:00.000Z,2024,NC,11,40583.88,40583.88,250000,41834.0,Hurricane Helene,2025-02-27T00:00:00.000Z,2026-09-08T00:00:00.000Z
7922956,2024-09-27T00:00:00.000Z,2024,NC,11,0.0,0.0,250000,4696.0,Hurricane Helene,2024-12-04T00:00:00.000Z,2026-09-08T00:00:00.000Z
7923868,2024-09-27T00:00:00.000Z,2024,NC,11,37866.38,37866.38,250000,35701.0,Hurricane Helene,2025-02-19T00:00:00.000Z,2026-09-08T00:00:00.000Z
7930951,2024-09-27T00:00:00.000Z,2024,NC,11,5574.54,5574.54,250000,7177.0,Hurricane Helene,2025-01-28T00:00:00.000Z,2026-09-08T00:00:00.000Z
7932286,2024-09-27T00:00:00.000Z,2024,NC,11,9504.2,9504.2,250000,10349.0,Hurricane Helene,2024-12-18T00:00:00.000Z,2026-09-08T00:00:00.000Z
7937542,2024-09-27T00:00:00.000Z,2024,NC,11,80047.03,80047.03,250000,78323.0,Hurricane Helene,2025-03-04T00:00:00.000Z,2026-09-08T00:00:00.000Z
7937687,2024-09-27T00:00:00.000Z,2024,NC,11,22066.72,22066.72,250000,27067.0,Hurricane Helene,2024-11-18T00:00:00.000Z,2026-09-08T00:00:00.000Z
7939542,2024-09-28T00:00:00.000Z,2024,NC,11,13182.66,13182.66,250000,15183.0,Hurricane Helene,2025-04-23T00:00:00.000Z,2026-09-08T00:00:00.000Z
7943213,2024-09-27T00:00:00.000Z,2024,NC,11,115479.14,115479.14,250000,108989.0,Hurricane Helene,2025-01-24T00:00:00.000Z,2026-09-08T00:00:00.000Z
7943437,2024-09-27T00:00:00.000Z,2024,NC,11,4034.09,4034.09,250000,5285.0,Hurricane Helene,2025-03-14T00:00:00.000Z,2026-09-08T00:00:00.000Z
7944114,2024-09-26T00:00:00.000Z,2024,NC,11,,0.0,250000,,Hurricane Helene,,2026-09-08T00:00:00.000Z
7949318,2024-09-25T00:00:00.000Z,2024,NC,11,21022.97,21022.97,250000,23023.0,Hurricane Helene,2025-01-08T00:00:00.000Z,2026-09-08T00:00:00.000Z
7954524,2024-09-26T00:00:00.000Z,2024,NC,11,46494.97,46494.97,250000,45937.0,Hurricane Helene,2025-01-30T00:00:00.000Z,2026-09-08T00:00:00.000Z
7958860,2024-09-27T00:00:00.000Z,2024,NC,11,20365.81,20365.81,250000,17808.0,Hurricane Helene,2025-02-12T00:00:00.000Z,2026-09-08T00:00:00.000Z
7964359,2024-09-27T00:00:00.000Z,2024,NC,11,39649.12,39649.12,250000,13450.0,Hurricane Helene,2025-02-10T00:00:00.000Z,2026-09-08T00:00:00.000Z
7967241,2024-09-27T00:00:00.000Z,2024,NC,11,250000.0,250000.0,250000,233777.0,Hurricane Helene,2025-01-10T00:00:00.000Z,2026-09-08T00:00:00.000Z
7968694,2024-09-27T00:00:00.000Z,2024,NC,11,14732.28,14732.28,250000,14847.0,Hurricane Helene,2025-01-06T00:00:00.000Z,2026-09-08T00:00:00.000Z
7970897,2024-09-27T00:00:00.000Z,2024,NC,11,6701.38,6701.38,250000,7951.0,Hurricane Helene,2025-01-06T00:00:00.000Z,2026-09-08T00:00:00.000Z
7971148,2024-09-27T00:00:00.000Z,2024,NC,11,0.0,0.0,250000,0.0,Hurricane Helene,2024-11-13T00:00:00.000Z,2026-09-08T00:00:00.000Z
7973725,2024-09-27T00:00:00.000Z,2024,NC,11,16479.34,16479.34,250000,15707.0,Hurricane Helene,2024-12-16T00:00:00.000Z,2026-09-08T00:00:00.000Z
7979574,2024-09-27T00:00:00.000Z,2024,NC,11,19324.47,19324.47,250000,24324.0,Hurricane Helene,2025-01-09T00:00:00.000Z,2026-09-08T00:00:00.000Z
7992185,2024-09-27T00:00:00.000Z,2024,NC,11,8116.46,8116.46,250000,9366.0,Hurricane Helene,2025-02-12T00:00:00.000Z,2026-09-08T00:00:00.000Z
7995169,2024-09-27T00:00:00.000Z,2024,NC,11,7630.2,7630.2,250000,8880.0,Hurricane Helene,2025-01-24T00:00:00.000Z,2026-09-08T00:00:00.000Z
7999089,2024-09-27T00:00:00.000Z,2024,NC,11,250000.0,250000.0,250000,288900.0,Hurricane Helene,2025-02-26T00:00:00.000Z,2026-09-08T00:00:00.000Z
8002878,2024-09-27T00:00:00.000Z,2024,NC,11,26178.96,26178.96,250000,34902.0,Hurricane Helene,2024-11-17T00:00:00.000Z,2026-09-08T00:00:00.000Z
8003417,2024-09-26T00:00:00.000Z,2024,NC,11,62807.95,62807.95,250000,46202.0,Hurricane Helene,2024-12-13T00:00:00.000Z,2026-09-08T00:00:00.000Z
8003947,2024-09-27T00:00:00.000Z,2024,NC,11,0.0,0.0,250000,0.0,Hurricane Helene,2024-10-07T00:00:00.000Z,2026-09-08T00:00:00.000Z
8006629,2024-09-26T00:00:00.000Z,2024,NC,11,0.0,0.0,250000,,Hurricane Helene,2024-11-13T00:00:00.000Z,2026-09-08T00:00:00.000Z
8018667,2024-09-28T00:00:00.000Z,2024,NC,11,54217.98,54217.98,250000,47731.0,Hurricane Helene,2024-12-27T00:00:00.000Z,2026-09-08T00:00:00.000Z
8020775,2024-09-27T00:00:00.000Z,2024,NC,11,,0.0,250000,,Hurricane Helene,,2026-09-08T00:00:00.000Z
8033006,2024-09-27T00:00:00.000Z,2024,NC,11,9337.55,9337.55,250000,11033.0,Hurricane Helene,2025-01-07T00:00:00.000Z,2026-09-08T00:00:00.000Z
8040025,2024-09-27T00:00:00.000Z,2024,NC,11,0.0,0.0,250000,0.0,Hurricane Helene,2024-11-13T00:00:00.000Z,2026-09-08T00:00:00.000Z
8043759,2024-09-26T00:00:00.000Z,2024,NC,11,46243.75,46243.75,250000,53047.0,Hurricane Helene,2025-06-20T00:00:00.000Z,2026-09-08T00:00:00.000Z
8047278,2024-09-27T00:00:00.000Z,2024,NC,11,11153.42,11153.42,250000,11712.0,Hurricane Helene,2024-11-11T00:00:00.000Z,2026-09-08T00:00:00.000Z
8048495,2024-09-27T00:00:00.000Z,2024,NC,11,216186.13,216186.13,250000,200504.0,Hurricane Helene,2025-01-06T00:00:00.000Z,2026-09-08T00:00:00.000Z
8050402,2024-09-27T00:00:00.000Z,2024,NC,11,0.0,0.0,250000,0.0,Hurricane Helene,2024-11-21T00:00:00.000Z,2026-09-08T00:00:00.000Z
8050600,2024-09-29T00:00:00.000Z,2024,NC,11,0.0,0.0,250000,0.0,Hurricane Helene,2025-03-11T00:00:00.000Z,2026-09-08T00:00:00.000Z
8053001,2024-09-27T00:00:00.000Z,2024,NC,11,1945.95,1945.95,250000,3195.0,Hurricane Helene,2024-12-31T00:00:00.000Z,2026-09-08T00:00:00.000Z
8053578,2024-09-27T00:00:00.000Z,2024,NC,11,0.0,0.0,250000,0.0,Hurricane Helene,2024-11-12T00:00:00.000Z,2026-09-08T00:00:00.000Z
8054246,2024-09-27T00:00:00.000Z,2024,NC,11,208388.73,208388.73,250000,173149.0,Hurricane Helene,2025-09-15T00:00:00.000Z,2026-09-08T00:00:00.000Z
8055510,2024-09-28T00:00:00.000Z,2024,NC,11,35413.85,35413.85,250000,34747.0,Hurricane Helene,2025-08-21T00:00:00.000Z,2026-09-08T00:00:00.000Z
8061133,2024-09-27T00:00:00.000Z,2024,NC,11,,0.0,250000,432.0,Hurricane Helene,,2026-09-08T00:00:00.000Z
8061328,2024-09-27T00:00:00.000Z,2024,NC,11,125180.16,125180.16,250000,130180.0,Hurricane Helene,2025-01-22T00:00:00.000Z,2026-09-08T00:00:00.000Z
8066301,2024-09-27T00:00:00.000Z,2024,NC,11,78231.21,78231.21,250000,74809.0,Hurricane Helene,2024-12-23T00:00:00.000Z,2026-09-08T00:00:00.000Z
8068439,2024-09-25T00:00:00.000Z,2024,NC,11,8178.86,8178.86,250000,8299.0,Hurricane Helene,2025-04-04T00:00:00.000Z,2026-09-08T00:00:00.000Z
8071093,2024-09-27T00:00:00.000Z,2024,NC,11,,0.0,250000,,Hurricane Helene,,2026-09-08T00:00:00.000Z
8071664,2024-09-27T00:00:00.000Z,2024,NC,11,40745.39,40745.39,250000,30607.0,Hurricane Helene,2024-12-11T00:00:00.000Z,2026-09-08T00:00:00.000Z
8071962,2024-09-26T00:00:00.000Z,2024,NC,11,,0.0,250000,1178.0,Hurricane Helene,,2026-09-08T00:00:00.000Z
8072513,2024-09-28T00:00:00.000Z,2024,NC,11,0.0,0.0,250000,0.0,Hurricane Helene,2024-11-07T00:00:00.000Z,2026-09-08T00:00:00.000Z
8074960,2024-09-26T00:00:00.000Z,2024,NC,11,250000.0,250000.0,250000,326767.0,Hurricane Helene,2025-03-19T00:00:00.000Z,2026-09-08T00:00:00.000Z
8083661,2024-09-27T00:00:00.000Z,2024,NC,11,211814.49,211814.49,250000,187445.0,Hurricane Helene,2025-01-10T00:00:00.000Z,2026-09-08T00:00:00.000Z
8084403,2024-09-27T00:00:00.000Z,2024,NC,11,0.0,0.0,250000,26442.0,Hurricane Helene,2024-12-19T00:00:00.000Z,2026-09-08T00:00:00.000Z
8097509,2024-09-27T00:00:00.000Z,2024,NC,11,29506.4,29506.4,250000,25572.0,Hurricane Helene,2024-11-04T00:00:00.000Z,2026-09-08T00:00:00.000Z
8099172,2024-09-27T00:00:00.000Z,2024,NC,11,250000.0,250000.0,250000,269733.0,Hurricane Helene,2025-02-05T00:00:00.000Z,2026-09-08T00:00:00.000Z
8100838,2024-09-27T00:00:00.000Z,2024,NC,11,,0.0,250000,,Hurricane Helene,,2026-09-08T00:00:00.000Z
8101715,2024-09-27T00:00:00.000Z,2024,NC,11,2969.31,2969.31,250000,4117.0,Hurricane Helene,2024-12-09T00:00:00.000Z,2026-09-08T00:00:00.000Z
8104868,2024-09-27T00:00:00.000Z,2024,NC,11,250000.0,250000.0,250000,213595.0,Hurricane Helene,2025-04-03T00:00:00.000Z,2026-09-08T00:00:00.000Z
8110590,2024-09-27T00:00:00.000Z,2024,NC,11,,0.0,250000,4242.0,Hurricane Helene,,2026-09-08T00:00:00.000Z
8110721,2024-09-27T00:00:00.000Z,2024,NC,11,168008.03,168008.03,250000,163662.0,Hurricane Helene,2025-02-10T00:00:00.000Z,2026-09-08T00:00:00.000Z
8118998,2024-09-27T00:00:00.000Z,2024,NC,11,8864.8,8864.8,250000,9522.0,Hurricane Helene,2025-01-07T00:00:00.000Z,2026-09-08T00:00:00.000Z
8126627,2024-09-27T00:00:00.000Z,2024,NC,11,49780.05,49780.05,250000,40284.0,Hurricane Helene,2025-01-06T00:00:00.000Z,2026-09-08T00:00:00.000Z
8127182,2024-09-27T00:00:00.000Z,2024,NC,11,32140.09,32140.09,250000,40035.0,Hurricane Helene,2024-12-27T00:00:00.000Z,2026-09-08T00:00:00.000Z
8127578,2024-09-27T00:00:00.000Z,2024,NC,11,250000.0,250000.0,250000,232096.0,Hurricane Helene,2025-01-20T00:00:00.000Z,2026-09-08T00:00:00.000Z
8130074,2024-09-27T00:00:00.000Z,2024,NC,11,6168.64,6168.64,250000,7419.0,Hurricane Helene,2024-12-28T00:00:00.000Z,2026-09-08T00:00:00.000Z
8131312,2024-09-27T00:00:00.000Z,2024,NC,11,0.0,0.0,250000,1013.0,Hurricane Helene,2024-12-05T00:00:00.000Z,2026-09-08T00:00:00.000Z
8132524,2024-09-27T00:00:00.000Z,2024,NC,11,4388.52,4388.52,250000,3859.0,Hurricane Helene,2025-02-26T00:00:00.000Z,2026-09-08T00:00:00.000Z
8134479,2024-09-27T00:00:00.000Z,2024,NC,11,33350.08,33350.08,250000,28407.0,Hurricane Helene,2025-02-04T00:00:00.000Z,2026-09-08T00:00:00.000Z
8138759,2024-09-26T00:00:00.000Z,2024,NC,11,27404.72,27404.72,250000,27790.0,Hurricane Helene,2025-03-04T00:00:00.000Z,2026-09-08T00:00:00.000Z
8140869,2024-09-27T00:00:00.000Z,2024,NC,11,137051.34,137051.34,250000,114118.0,Hurricane Helene,2025-04-16T00:00:00.000Z,2026-09-08T00:00:00.000Z
8145989,2024-09-27T00:00:00.000Z,2024,NC,11,49744.36,49744.36,250000,52229.0,Hurricane Helene,2025-08-08T00:00:00.000Z,2026-09-08T00:00:00.000Z
8146161,2024-09-27T00:00:00.000Z,2024,NC,11,3064.04,3064.04,250000,11070.0,Hurricane Helene,2024-12-16T00:00:00.000Z,2026-09-08T00:00:00.000Z
8154948,2024-09-27T00:00:00.000Z,2024,NC,11,0.0,0.0,250000,0.0,Hurricane Helene,2024-12-18T00:00:00.000Z,2026-09-08T00:00:00.000Z
8155612,2024-09-26T00:00:00.000Z,2024,NC,11,10045.34,10045.34,250000,11296.0,Hurricane Helene,2025-03-12T00:00:00.000Z,2026-09-08T00:00:00.000Z
8159411,2024-09-27T00:00:00.000Z,2024,NC,11,250000.0,250000.0,250000,227341.0,Hurricane Helene,2025-03-05T00:00:00.000Z,2026-09-08T00:00:00.000Z
8162124,2024-09-28T00:00:00.000Z,2024,NC,11,30516.91,30516.91,250000,27938.0,Hurricane Helene,2024-12-20T00:00:00.000Z,2026-09-08T00:00:00.000Z
8168459,2024-09-27T00:00:00.000Z,2024,NC,11,0.0,0.0,250000,0.0,Hurricane Helene,2024-10-21T00:00:00.000Z,2026-09-08T00:00:00.000Z
